any,mes,periode,index_confianca,situacio_actual_financera,situacio_actual_economica,expectatives_financera,expectatives_economica
1986,6,1986-06,4.9,1.3,-20.0,17.2,12.4
1986,7,1986-07,4.9,3.3,-14.0,17.4,13.0
1986,8,1986-08,6.1,1.3,-15.1,18.1,16.3
1986,9,1986-09,5.3,2.9,-15.5,17.4,12.4
1986,10,1986-10,5.2,2.8,-13.1,17.1,14.0
1986,11,1986-11,5.9,4.2,-13.1,17.5,14.0
1986,12,1986-12,5.2,5.2,-11.5,16.4,14.9
1987,1,1987-01,4.1,3.7,-19.1,16.8,8.9
1987,2,1987-02,3.8,5.0,-20.8,16.6,7.0
1987,3,1987-03,2.9,1.8,-23.0,15.6,5.6
1987,4,1987-04,2.6,2.7,-23.3,13.3,5.2
1987,5,1987-05,2.1,1.0,-23.6,12.4,5.0
1987,6,1987-06,4.1,4.0,-17.6,14.9,8.6
1987,7,1987-07,5.4,3.6,-18.3,16.3,10.6
1987,8,1987-08,7.2,6.1,-14.0,19.2,13.7
1987,9,1987-09,7.8,5.9,-12.0,18.7,15.0
1987,10,1987-10,7.3,5.9,-6.7,17.0,16.7
1987,11,1987-11,5.5,5.3,-12.1,15.7,11.8
1987,12,1987-12,5.1,4.5,-12.9,15.2,10.5
1988,1,1988-01,5.8,6.1,-14.9,18.1,9.8
1988,2,1988-02,6.6,6.7,-10.3,17.7,10.6
1988,3,1988-03,7.3,7.7,-9.6,18.0,12.9
1988,4,1988-04,8.5,12.1,-8.8,17.8,13.2
1988,5,1988-05,7.9,10.3,-8.4,20.5,11.8
1988,6,1988-06,7.2,8.0,-8.1,17.8,14.1
1988,7,1988-07,7.8,9.5,-7.3,19.5,13.6
1988,8,1988-08,10.0,9.7,-5.6,23.0,16.3
1988,9,1988-09,8.7,9.9,-8.2,20.1,14.3
1988,10,1988-10,9.4,12.2,-6.8,21.0,14.6
1988,11,1988-11,7.8,8.7,-7.0,18.5,13.1
1988,12,1988-12,8.1,8.5,-8.7,18.7,14.1
1989,1,1989-01,9.0,11.3,-4.9,20.3,13.9
1989,2,1989-02,7.1,8.8,-7.7,19.2,12.2
1989,3,1989-03,6.4,7.5,-9.3,17.3,9.1
1989,4,1989-04,7.0,10.4,-6.4,18.2,10.3
1989,5,1989-05,7.2,9.8,-5.4,17.6,9.2
1989,6,1989-06,9.1,10.6,-1.0,19.5,14.5
1989,7,1989-07,7.5,10.7,-5.0,17.6,11.4
1989,8,1989-08,9.7,12.2,-1.3,21.0,14.9
1989,9,1989-09,8.3,10.4,-5.8,20.1,12.7
1989,10,1989-10,10.4,12.8,1.0,19.9,17.6
1989,11,1989-11,9.3,11.1,-0.8,20.2,16.4
1989,12,1989-12,11.5,14.5,-1.6,22.5,17.7
1990,1,1990-01,7.9,8.5,-0.7,19.1,15.9
1990,2,1990-02,8.4,10.1,-0.4,18.6,15.1
1990,3,1990-03,6.4,9.6,-3.7,18.6,10.7
1990,4,1990-04,6.0,8.2,-2.8,18.2,10.4
1990,5,1990-05,5.5,11.1,-3.4,16.5,9.1
1990,6,1990-06,6.4,9.5,-4.6,18.3,10.2
1990,7,1990-07,8.4,12.1,-0.4,20.0,13.9
1990,8,1990-08,8.2,12.9,-2.3,20.2,10.0
1990,9,1990-09,-2.3,9.5,-20.2,12.3,-16.1
1990,10,1990-10,1.0,6.8,-18.4,17.4,-3.5
1990,11,1990-11,2.5,7.9,-14.3,17.8,0.5
1990,12,1990-12,5.2,10.0,-13.1,19.7,3.4
1991,1,1991-01,-1.3,9.8,-16.2,12.8,-13.0
1991,2,1991-02,2.9,9.6,-10.8,17.4,-1.1
1991,3,1991-03,7.9,10.9,-5.7,20.7,14.4
1991,4,1991-04,4.5,9.6,-8.5,18.7,9.1
1991,5,1991-05,7.4,12.0,-6.2,21.2,12.1
1991,6,1991-06,5.8,11.0,-8.2,18.1,10.0
1991,7,1991-07,5.9,12.1,-6.6,19.1,9.3
1991,8,1991-08,4.2,9.5,-10.5,19.1,5.9
1991,9,1991-09,6.1,9.2,-6.7,18.8,11.7
1991,10,1991-10,4.6,7.6,-11.5,18.7,8.0
1991,11,1991-11,3.6,7.1,-12.8,17.6,5.4
1991,12,1991-12,0.5,6.0,-17.2,14.0,1.3
1992,1,1992-01,0.5,7.1,-16.8,14.6,1.8
1992,2,1992-02,1.7,6.5,-18.0,16.3,1.7
1992,3,1992-03,-0.8,3.9,-20.2,13.2,-2.7
1992,4,1992-04,-1.9,1.8,-17.6,9.7,-2.8
1992,5,1992-05,-3.0,2.1,-23.1,10.2,-7.0
1992,6,1992-06,-2.5,4.1,-28.8,12.0,-9.4
1992,7,1992-07,-5.4,2.6,-32.5,8.2,-15.9
1992,8,1992-08,-12.7,-4.3,-46.4,0.0,-26.9
1992,9,1992-09,-11.6,-1.8,-42.1,0.2,-24.3
1992,10,1992-10,-13.3,-3.4,-44.5,-2.0,-27.4
1992,11,1992-11,-12.2,-3.8,-43.5,1.7,-24.6
1992,12,1992-12,-12.8,-4.7,-48.6,-0.5,-24.5
1993,1,1993-01,-11.2,-4.5,-43.2,2.0,-17.2
1993,2,1993-02,-11.9,-6.9,-51.4,2.0,-19.0
1993,3,1993-03,-11.8,-7.9,-50.4,4.1,-14.3
1993,4,1993-04,-8.4,-7.8,-48.3,7.2,-6.9
1993,5,1993-05,-5.7,-5.5,-46.9,9.8,-0.9
1993,6,1993-06,-12.1,-9.2,-52.6,3.9,-13.4
1993,7,1993-07,-8.9,-6.5,-51.3,8.9,-6.9
1993,8,1993-08,-16.2,-11.4,-61.1,-0.5,-20.4
1993,9,1993-09,-12.4,-8.2,-52.5,5.8,-15.0
1993,10,1993-10,-13.7,-11.8,-59.9,3.7,-13.0
1993,11,1993-11,-15.4,-11.1,-60.3,1.1,-16.4
1993,12,1993-12,-13.1,-13.1,-59.5,4.6,-11.8
1994,1,1994-01,-15.2,-14.4,-60.4,1.7,-16.7
1994,2,1994-02,-10.1,-8.8,-54.7,6.7,-8.8
1994,3,1994-03,-9.8,-8.6,-54.0,8.0,-8.0
1994,4,1994-04,-9.1,-10.4,-55.9,8.9,-5.0
1994,5,1994-05,-5.6,-8.2,-50.0,11.5,3.0
1994,6,1994-06,-3.2,-4.8,-46.0,13.8,6.7
1994,7,1994-07,-2.2,-6.8,-40.4,13.4,10.3
1994,8,1994-08,-0.9,-5.6,-41.2,13.7,11.3
1994,9,1994-09,2.1,-2.0,-32.2,16.5,15.6
1994,10,1994-10,-0.9,-2.5,-32.2,13.8,7.9
1994,11,1994-11,1.1,-2.7,-29.7,15.9,10.3
1994,12,1994-12,1.1,-1.3,-29.1,16.4,10.3
1995,1,1995-01,-1.9,-3.4,-36.5,13.7,5.0
1995,2,1995-02,-1.9,-2.9,-36.1,12.9,5.3
1995,3,1995-03,-3.9,-4.4,-45.1,11.9,-0.8
1995,4,1995-04,-2.6,-3.4,-40.5,11.8,2.4
1995,5,1995-05,-1.5,-1.9,-32.7,13.4,5.7
1995,6,1995-06,-3.3,-4.8,-38.6,11.8,1.9
1995,7,1995-07,-3.9,-6.1,-40.3,10.9,1.5
1995,8,1995-08,-1.9,-2.3,-36.3,11.9,4.4
1995,9,1995-09,-1.0,-2.7,-34.2,12.9,6.1
1995,10,1995-10,-3.1,-2.2,-37.8,12.3,0.3
1995,11,1995-11,-1.1,-1.5,-32.3,13.4,6.5
1995,12,1995-12,-1.1,-1.1,-33.8,13.0,4.8
1996,1,1996-01,2.3,1.8,-27.3,17.8,9.9
1996,2,1996-02,1.3,0.1,-27.9,15.9,9.0
1996,3,1996-03,2.7,1.7,-18.4,16.0,12.8
1996,4,1996-04,1.6,1.2,-20.5,15.7,10.8
1996,5,1996-05,2.2,1.6,-21.7,15.6,11.3
1996,6,1996-06,2.4,1.8,-19.7,15.7,13.3
1996,7,1996-07,-0.8,-0.3,-24.0,12.4,4.6
1996,8,1996-08,0.4,1.8,-20.4,12.8,6.0
1996,9,1996-09,-0.7,-0.2,-22.4,12.5,4.5
1996,10,1996-10,1.5,2.0,-18.9,15.0,6.7
1996,11,1996-11,1.4,2.2,-21.1,14.5,6.3
1996,12,1996-12,4.2,3.0,-15.1,16.4,12.7
1997,1,1997-01,7.6,7.4,-6.3,20.1,17.4
1997,2,1997-02,5.0,4.2,-8.9,16.7,14.2
1997,3,1997-03,5.4,4.9,-6.7,16.9,14.4
1997,4,1997-04,6.4,5.4,-4.3,18.4,16.5
1997,5,1997-05,6.1,4.4,-1.2,16.5,16.1
1997,6,1997-06,9.9,9.1,2.5,20.5,19.3
1997,7,1997-07,8.9,6.7,1.6,19.2,19.8
1997,8,1997-08,11.0,9.8,3.2,22.0,21.9
1997,9,1997-09,8.3,6.4,-0.5,19.1,17.5
1997,10,1997-10,7.9,5.8,0.4,18.1,17.1
1997,11,1997-11,9.3,8.9,1.7,18.9,17.3
1997,12,1997-12,9.6,8.4,3.7,18.4,19.5
1998,1,1998-01,10.3,10.2,2.7,20.5,17.7
1998,2,1998-02,10.6,10.0,2.2,20.3,18.5
1998,3,1998-03,10.7,9.8,3.3,20.2,18.4
1998,4,1998-04,10.2,9.3,4.1,19.7,17.8
1998,5,1998-05,10.9,10.3,3.8,19.3,18.0
1998,6,1998-06,10.7,10.7,3.8,20.3,16.2
1998,7,1998-07,10.4,8.6,4.0,18.7,18.1
1998,8,1998-08,11.4,11.3,1.1,19.6,16.2
1998,9,1998-09,11.8,11.0,3.2,21.5,17.8
1998,10,1998-10,12.7,11.8,5.3,21.2,20.2
1998,11,1998-11,14.0,14.5,7.5,23.4,21.7
1998,12,1998-12,13.5,13.8,7.8,22.0,19.4
1999,1,1999-01,13.0,12.8,7.9,21.8,20.1
1999,2,1999-02,12.8,13.3,9.5,22.0,19.7
1999,3,1999-03,12.3,13.4,8.3,21.5,18.7
1999,4,1999-04,10.9,12.3,4.2,20.8,14.3
1999,5,1999-05,10.6,13.2,4.5,20.0,13.2
1999,6,1999-06,11.9,14.2,4.7,20.1,15.4
1999,7,1999-07,12.3,15.7,6.5,20.8,17.4
1999,8,1999-08,12.7,15.0,6.4,21.3,17.5
1999,9,1999-09,12.1,13.2,5.4,21.5,17.8
1999,10,1999-10,14.5,15.6,9.8,24.3,20.9
1999,11,1999-11,13.9,15.8,9.2,23.2,20.6
1999,12,1999-12,12.2,13.5,8.6,22.3,18.5
2000,1,2000-01,13.1,14.7,10.0,23.4,20.2
2000,2,2000-02,14.3,16.5,11.6,23.7,20.7
2000,3,2000-03,14.9,17.2,14.5,23.7,21.8
2000,4,2000-04,13.8,16.8,11.2,22.0,18.8
2000,5,2000-05,12.2,15.3,7.7,21.2,16.9
2000,6,2000-06,12.1,15.2,7.0,22.2,16.8
2000,7,2000-07,12.4,15.3,7.0,22.9,16.4
2000,8,2000-08,12.4,15.8,6.8,21.9,16.7
2000,9,2000-09,9.4,13.4,-3.1,19.0,9.5
2000,10,2000-10,9.2,13.6,-3.2,21.1,9.4
2000,11,2000-11,10.6,13.1,-3.0,20.1,9.3
2000,12,2000-12,10.2,13.6,0.0,20.1,11.7
2001,1,2001-01,10.9,14.5,-0.7,21.0,10.9
2001,2,2001-02,10.5,13.7,0.1,21.0,12.5
2001,3,2001-03,11.2,16.3,1.8,21.9,11.9
2001,4,2001-04,8.0,10.8,-3.7,19.4,7.8
2001,5,2001-05,8.6,13.0,-2.8,18.1,8.8
2001,6,2001-06,8.0,12.1,-4.6,16.2,8.1
2001,7,2001-07,7.0,10.8,-6.0,16.9,6.9
2001,8,2001-08,8.6,13.1,-2.8,17.7,9.8
2001,9,2001-09,7.3,11.7,-4.4,19.7,5.1
2001,10,2001-10,9.2,13.7,-2.1,20.4,7.8
2001,11,2001-11,7.7,12.9,-3.8,18.2,6.4
2001,12,2001-12,7.3,12.0,-3.8,15.4,7.3
2002,1,2002-01,5.9,9.9,-5.5,14.0,6.3
2002,2,2002-02,6.8,9.6,-6.5,17.2,7.0
2002,3,2002-03,5.4,7.3,-7.9,13.0,7.7
2002,4,2002-04,5.1,8.0,-10.8,14.7,4.5
2002,5,2002-05,5.7,8.7,-11.9,15.8,5.4
2002,6,2002-06,3.8,6.3,-15.4,14.0,2.3
2002,7,2002-07,2.7,4.3,-18.4,14.1,0.4
2002,8,2002-08,1.8,2.6,-18.1,11.7,2.0
2002,9,2002-09,5.1,4.8,-15.0,15.4,5.3
2002,10,2002-10,3.7,4.7,-16.3,15.8,5.3
2002,11,2002-11,4.5,5.4,-15.5,15.0,7.6
2002,12,2002-12,-1.4,-0.7,-25.6,9.1,-2.4
2003,1,2003-01,-0.8,-1.2,-26.3,11.0,-1.4
2003,2,2003-02,-0.1,0.9,-25.1,11.0,-2.6
2003,3,2003-03,-0.6,1.9,-23.7,11.3,-5.0
2003,4,2003-04,1.3,4.4,-18.4,12.2,-1.3
2003,5,2003-05,2.7,3.9,-19.8,13.1,3.9
2003,6,2003-06,3.8,4.5,-14.6,14.8,4.7
2003,7,2003-07,2.8,4.2,-19.1,13.3,3.1
2003,8,2003-08,3.8,4.1,-18.0,14.5,6.1
2003,9,2003-09,4.6,5.8,-14.2,15.9,7.7
2003,10,2003-10,2.3,0.8,-18.9,13.0,5.2
2003,11,2003-11,3.9,2.3,-16.9,14.4,8.0
2003,12,2003-12,3.6,4.5,-14.5,12.5,6.0
2004,1,2004-01,2.8,2.8,-17.3,13.5,4.1
2004,2,2004-02,3.5,3.0,-12.2,13.0,7.3
2004,3,2004-03,3.5,4.4,-13.8,12.8,7.0
2004,4,2004-04,4.7,6.0,-11.3,14.3,10.8
2004,5,2004-05,4.5,5.0,-13.1,14.0,10.1
2004,6,2004-06,2.1,3.8,-16.8,13.3,5.5
2004,7,2004-07,3.3,2.9,-17.0,13.5,8.4
2004,8,2004-08,1.9,3.0,-19.3,13.3,3.6
2004,9,2004-09,2.0,1.7,-16.8,13.6,5.2
2004,10,2004-10,3.8,5.2,-17.3,15.3,6.6
2004,11,2004-11,3.3,6.2,-16.6,14.3,6.4
2004,12,2004-12,4.0,6.3,-13.2,14.7,8.7
2005,1,2005-01,2.9,3.4,-14.7,13.5,7.9
2005,2,2005-02,2.9,3.2,-14.6,13.9,7.3
2005,3,2005-03,1.8,1.4,-15.9,12.4,5.7
2005,4,2005-04,2.4,4.4,-16.6,12.4,3.4
2005,5,2005-05,2.2,4.6,-15.9,13.3,3.6
2005,6,2005-06,2.2,4.2,-18.4,11.9,2.3
2005,7,2005-07,2.5,4.3,-18.0,14.9,3.6
2005,8,2005-08,2.7,3.2,-17.6,13.3,3.7
2005,9,2005-09,2.4,3.3,-21.0,15.3,4.6
2005,10,2005-10,2.8,3.4,-22.5,15.3,5.8
2005,11,2005-11,-0.2,2.8,-20.3,12.2,-1.8
2005,12,2005-12,2.4,5.8,-16.0,14.3,2.9
2006,1,2006-01,0.1,2.3,-17.7,10.5,1.1
2006,2,2006-02,-0.2,3.2,-20.7,11.2,0.6
2006,3,2006-03,-0.1,4.1,-18.9,10.2,-0.9
2006,4,2006-04,0.9,5.5,-20.1,14.3,0.6
2006,5,2006-05,-0.3,5.0,-18.9,10.4,-1.6
2006,6,2006-06,-1.2,1.1,-24.2,10.3,-1.5
2006,7,2006-07,-0.7,3.5,-26.1,11.9,-4.3
2006,8,2006-08,0.8,1.3,-21.9,13.2,0.6
2006,9,2006-09,0.0,2.4,-21.5,12.4,-0.2
2006,10,2006-10,2.8,6.6,-18.4,14.7,3.6
2006,11,2006-11,3.2,6.6,-16.1,14.7,3.8
2006,12,2006-12,2.1,5.3,-18.9,12.9,1.7
2007,1,2007-01,0.0,2.2,-21.5,11.7,-0.4
2007,2,2007-02,0.5,3.0,-18.4,11.1,1.7
2007,3,2007-03,1.4,4.0,-15.7,13.6,2.5
2007,4,2007-04,0.3,4.5,-21.0,11.2,-1.2
2007,5,2007-05,0.0,3.4,-17.5,9.9,2.2
2007,6,2007-06,0.4,4.1,-19.1,10.6,1.2
2007,7,2007-07,2.2,7.3,-17.7,13.3,1.9
2007,8,2007-08,0.2,2.4,-21.1,12.4,0.9
2007,9,2007-09,-1.6,2.2,-23.6,10.0,-3.5
2007,10,2007-10,-2.5,1.3,-24.9,9.5,-3.5
2007,11,2007-11,-4.4,-1.5,-26.7,7.9,-5.0
2007,12,2007-12,-7.8,-6.8,-29.7,3.7,-8.2
2008,1,2008-01,-8.4,-4.3,-31.9,5.3,-10.2
2008,2,2008-02,-9.0,-5.4,-34.7,1.4,-9.9
2008,3,2008-03,-8.1,-5.8,-31.6,3.8,-5.4
2008,4,2008-04,-11.6,-6.9,-35.6,-1.4,-12.7
2008,5,2008-05,-15.9,-10.8,-42.0,-4.6,-20.2
2008,6,2008-06,-22.5,-16.6,-50.5,-13.7,-29.1
2008,7,2008-07,-23.4,-20.5,-53.3,-13.5,-27.7
2008,8,2008-08,-19.9,-15.4,-51.0,-8.0,-27.5
2008,9,2008-09,-20.7,-18.1,-55.3,-8.8,-23.6
2008,10,2008-10,-24.3,-19.1,-58.2,-13.3,-30.8
2008,11,2008-11,-23.1,-18.5,-60.1,-8.6,-29.0
2008,12,2008-12,-24.0,-18.6,-59.0,-9.6,-31.7
2009,1,2009-01,-23.6,-18.1,-60.9,-8.5,-30.7
2009,2,2009-02,-28.0,-24.9,-66.0,-15.8,-35.2
2009,3,2009-03,-21.5,-16.0,-65.2,-4.3,-31.7
2009,4,2009-04,-18.4,-11.9,-69.8,-0.3,-27.9
2009,5,2009-05,-13.7,-19.1,-74.7,4.2,-5.4
2009,6,2009-06,-12.8,-15.9,-74.2,4.6,-9.8
2009,7,2009-07,-9.8,-14.2,-66.9,7.8,-2.0
2009,8,2009-08,-8.8,-14.1,-68.4,9.1,-1.3
2009,9,2009-09,-9.5,-13.1,-71.6,7.7,-3.1
2009,10,2009-10,-9.0,-12.8,-69.4,8.1,-2.6
2009,11,2009-11,-9.5,-12.2,-66.9,7.7,-3.0
2009,12,2009-12,-7.0,-7.2,-65.1,9.3,-1.9
2010,1,2010-01,-7.0,-9.7,-70.1,9.2,0.5
2010,2,2010-02,-9.9,-11.6,-67.7,5.6,-3.5
2010,3,2010-03,-10.9,-9.2,-72.6,4.9,-8.6
2010,4,2010-04,-10.1,-10.8,-66.7,4.8,-5.5
2010,5,2010-05,-13.8,-11.3,-67.5,-0.1,-17.3
2010,6,2010-06,-16.9,-16.4,-63.0,-3.7,-18.4
2010,7,2010-07,-16.2,-14.6,-66.1,-3.6,-18.0
2010,8,2010-08,-11.2,-14.6,-62.0,3.6,-5.5
2010,9,2010-09,-9.5,-13.3,-61.4,7.0,-2.6
2010,10,2010-10,-10.5,-11.9,-59.4,6.5,-5.6
2010,11,2010-11,-11.0,-13.9,-57.6,5.4,-4.7
2010,12,2010-12,-13.2,-15.0,-64.9,4.8,-10.4
2011,1,2011-01,-13.8,-14.5,-64.1,4.5,-13.0
2011,2,2011-02,-11.5,-11.1,-59.3,7.0,-8.6
2011,3,2011-03,-11.4,-15.3,-60.6,4.8,-3.3
2011,4,2011-04,-12.2,-15.7,-55.9,4.3,-3.7
2011,5,2011-05,-10.1,-18.2,-60.4,9.0,2.5
2011,6,2011-06,-9.7,-19.1,-61.2,9.7,3.9
2011,7,2011-07,-8.6,-17.6,-60.9,11.5,3.9
2011,8,2011-08,-10.8,-18.6,-67.0,10.4,-0.3
2011,9,2011-09,-11.0,-15.7,-64.3,9.1,-1.7
2011,10,2011-10,-13.1,-19.8,-69.2,6.7,-3.7
2011,11,2011-11,-9.6,-16.8,-69.0,10.1,1.2
2011,12,2011-12,-9.8,-16.4,-70.3,10.1,0.8
2012,1,2012-01,-14.7,-18.6,-69.5,4.4,-9.6
2012,2,2012-02,-16.0,-19.0,-71.1,4.0,-13.2
2012,3,2012-03,-18.5,-22.7,-71.0,-0.5,-16.0
2012,4,2012-04,-20.0,-22.4,-70.1,-2.8,-16.8
2012,5,2012-05,-22.3,-24.7,-74.9,-5.5,-23.7
2012,6,2012-06,-19.2,-23.3,-74.2,-2.1,-14.6
2012,7,2012-07,-21.7,-26.8,-74.2,-4.7,-17.0
2012,8,2012-08,-28.0,-28.9,-82.6,-11.3,-33.1
2012,9,2012-09,-25.1,-27.9,-78.1,-8.9,-23.8
2012,10,2012-10,-22.7,-27.5,-73.5,-5.4,-20.4
2012,11,2012-11,-22.8,-31.0,-76.4,-4.0,-18.7
2012,12,2012-12,-24.7,-27.9,-75.3,-5.5,-26.0
2013,1,2013-01,-20.3,-28.6,-77.3,-0.3,-15.3
2013,2,2013-02,-21.5,-29.9,-76.6,-1.5,-17.4
2013,3,2013-03,-19.0,-26.8,-74.8,0.8,-15.0
2013,4,2013-04,-18.6,-26.8,-70.4,0.3,-11.6
2013,5,2013-05,-20.0,-25.7,-72.7,-1.1,-20.2
2013,6,2013-06,-17.4,-25.3,-67.7,-0.6,-10.0
2013,7,2013-07,-13.0,-22.1,-62.5,4.7,-3.8
2013,8,2013-08,-11.9,-21.2,-54.1,6.2,-2.3
2013,9,2013-09,-7.6,-18.0,-44.0,9.5,6.2
2013,10,2013-10,-10.5,-21.0,-48.5,6.1,4.3
2013,11,2013-11,-9.2,-21.9,-44.0,8.6,5.8
2013,12,2013-12,-9.0,-20.1,-42.8,8.2,6.4
2014,1,2014-01,-6.5,-19.8,-42.5,10.0,11.0
2014,2,2014-02,-7.5,-20.7,-43.4,8.8,8.9
2014,3,2014-03,-4.5,-17.3,-33.1,11.6,13.5
2014,4,2014-04,-4.8,-17.9,-33.3,11.3,12.4
2014,5,2014-05,-4.4,-17.6,-30.9,12.1,13.8
2014,6,2014-06,-1.3,-11.9,-27.5,14.0,14.8
2014,7,2014-07,-2.6,-13.1,-28.2,12.8,13.2
2014,8,2014-08,-0.5,-11.6,-21.0,14.0,17.5
2014,9,2014-09,-0.8,-12.0,-21.5,14.0,17.3
2014,10,2014-10,-1.4,-13.0,-27.0,13.6,14.2
2014,11,2014-11,-3.3,-11.5,-30.3,10.2,10.4
2014,12,2014-12,0.0,-11.5,-26.2,14.9,16.1
2015,1,2015-01,4.8,-5.2,-14.4,20.3,24.0
2015,2,2015-02,4.6,-6.7,-14.4,17.8,25.2
2015,3,2015-03,7.3,-3.2,-10.4,20.8,28.2
2015,4,2015-04,8.4,-2.7,-4.4,21.3,30.5
2015,5,2015-05,6.6,-3.0,-10.2,18.7,24.7
2015,6,2015-06,5.8,-3.1,-8.8,18.3,24.0
2015,7,2015-07,5.8,-2.4,-8.1,18.6,21.1
2015,8,2015-08,6.7,-1.1,-3.3,18.5,24.6
2015,9,2015-09,7.8,0.6,-2.7,20.3,23.6
2015,10,2015-10,8.9,2.2,-2.7,20.8,26.8
2015,11,2015-11,9.7,0.8,-0.5,21.6,28.2
2015,12,2015-12,12.9,3.6,2.6,25.0,32.7
2016,1,2016-01,8.5,3.1,2.1,19.9,21.2
2016,2,2016-02,8.0,3.6,-0.5,19.5,18.9
2016,3,2016-03,5.6,0.0,-7.5,18.3,16.0
2016,4,2016-04,5.5,1.6,-11.7,17.8,12.5
2016,5,2016-05,3.9,1.4,-14.8,15.8,12.0
2016,6,2016-06,5.4,3.7,-11.3,16.8,11.8
2016,7,2016-07,2.8,0.3,-16.8,16.5,8.4
2016,8,2016-08,5.4,1.8,-10.6,16.6,13.4
2016,9,2016-09,5.2,2.4,-12.8,16.2,12.4
2016,10,2016-10,7.2,2.8,-13.3,19.9,14.7
2016,11,2016-11,8.4,2.7,-8.3,20.3,19.9
2016,12,2016-12,8.5,3.4,-4.2,20.3,21.3
2017,1,2017-01,8.0,2.6,-2.1,18.3,19.1
2017,2,2017-02,6.1,0.6,-5.9,16.1,16.2
2017,3,2017-03,8.1,1.8,-4.4,17.9,19.5
2017,4,2017-04,9.4,4.5,-0.1,19.2,21.0
2017,5,2017-05,9.6,2.9,-0.3,17.9,23.3
2017,6,2017-06,9.8,5.1,0.4,18.4,21.1
2017,7,2017-07,10.5,5.7,1.8,19.5,20.7
2017,8,2017-08,11.1,5.4,5.2,19.3,23.1
2017,9,2017-09,10.9,7.1,2.9,19.5,22.2
2017,10,2017-10,10.3,7.2,3.9,20.0,18.4
2017,11,2017-11,9.5,7.0,0.7,20.6,15.1
2017,12,2017-12,9.9,5.0,-2.5,18.8,19.2
2018,1,2018-01,10.4,4.5,2.0,18.6,22.2
2018,2,2018-02,9.1,3.8,-1.8,17.3,20.3
2018,3,2018-03,5.7,1.1,-9.2,13.1,12.2
2018,4,2018-04,7.8,2.1,-4.0,17.5,16.2
2018,5,2018-05,8.1,2.5,-7.0,17.7,15.7
2018,6,2018-06,11.0,7.2,1.8,19.5,20.3
2018,7,2018-07,9.7,5.9,1.5,19.6,16.3
2018,8,2018-08,8.6,6.1,-1.5,17.9,14.0
2018,9,2018-09,5.4,4.3,-11.0,15.0,6.4
2018,10,2018-10,5.9,3.4,-11.1,17.0,7.9
2018,11,2018-11,7.4,4.1,-7.5,18.2,10.5
2018,12,2018-12,6.1,5.4,-13.9,17.5,4.7
2019,1,2019-01,6.8,5.7,-9.1,18.5,7.8
2019,2,2019-02,7.0,6.3,-9.0,18.3,8.1
2019,3,2019-03,10.6,9.7,-5.8,22.4,15.4
2019,4,2019-04,6.7,5.6,-12.0,17.4,8.4
2019,5,2019-05,8.3,6.5,-6.4,18.6,12.8
2019,6,2019-06,10.8,12.0,-6.0,22.0,12.6
2019,7,2019-07,6.5,7.3,-6.5,17.8,6.8
2019,8,2019-08,5.9,6.8,-15.5,19.0,2.7
2019,9,2019-09,4.7,7.4,-22.2,18.9,-1.7
2019,10,2019-10,2.1,4.9,-25.5,15.2,-5.1
2019,11,2019-11,1.9,5.4,-28.4,15.5,-4.4
2019,12,2019-12,1.0,4.9,-29.0,14.6,-5.8
2020,1,2020-01,1.0,4.3,-25.0,12.4,-3.2
2020,2,2020-02,4.0,5.2,-20.7,15.8,2.5
2020,3,2020-03,0.6,3.9,-19.4,14.6,-6.0
2020,4,2020-04,-20.7,1.0,-25.6,-11.8,-49.6
2020,5,2020-05,-18.8,-8.0,-56.2,-3.9,-39.4
2020,6,2020-06,-12.1,-11.4,-67.8,5.2,-18.6
2020,7,2020-07,-12.8,-9.7,-66.5,5.8,-24.9
2020,8,2020-08,-15.5,-13.6,-78.0,4.1,-28.8
2020,9,2020-09,-13.8,-12.7,-78.1,4.3,-27.0
2020,10,2020-10,-13.4,-9.9,-78.8,5.3,-26.8
2020,11,2020-11,-14.2,-13.3,-79.9,3.1,-24.4
2020,12,2020-12,-7.3,-14.0,-78.1,11.8,-5.8
2021,1,2021-01,-8.6,-9.7,-81.2,9.8,-16.0
2021,2,2021-02,-10.2,-13.2,-83.5,9.4,-18.6
2021,3,2021-03,-1.2,-8.2,-81.1,16.6,1.9
2021,4,2021-04,-0.4,-11.2,-76.3,17.4,6.5
2021,5,2021-05,2.0,-8.0,-73.9,17.0,13.0
2021,6,2021-06,3.0,-8.0,-68.6,15.8,17.5
2021,7,2021-07,3.2,-3.8,-64.5,17.6,14.0
2021,8,2021-08,3.9,-3.3,-52.9,16.9,14.8
2021,9,2021-09,3.1,-4.3,-49.4,15.8,15.9
2021,10,2021-10,4.6,-0.5,-42.9,17.4,16.0
2021,11,2021-11,-2.7,-4.7,-45.2,9.0,0.0
2021,12,2021-12,-2.1,-6.6,-44.5,11.6,0.7
2022,1,2022-01,-1.2,-5.1,-47.1,10.9,2.5
2022,2,2022-02,1.5,-4.0,-39.0,13.1,9.1
2022,3,2022-03,-17.0,-12.3,-45.2,-8.3,-31.3
2022,4,2022-04,-14.7,-18.9,-66.9,-0.4,-20.3
2022,5,2022-05,-10.9,-14.2,-58.5,3.8,-15.9
2022,6,2022-06,-16.9,-20.0,-64.2,-3.5,-26.1
2022,7,2022-07,-23.6,-22.6,-72.2,-11.3,-41.8
2022,8,2022-08,-19.5,-19.0,-66.9,-5.4,-35.0
2022,9,2022-09,-20.0,-18.5,-66.4,-7.2,-34.5
2022,10,2022-10,-18.7,-19.6,-66.3,-6.7,-28.8
2022,11,2022-11,-15.5,-16.0,-62.9,-1.9,-24.4
2022,12,2022-12,-12.7,-16.5,-59.8,3.2,-18.2
2023,1,2023-01,-10.2,-13.7,-55.6,6.7,-14.9
2023,2,2023-02,-9.0,-13.7,-52.0,7.6,-11.0
2023,3,2023-03,-11.6,-18.5,-60.4,4.0,-13.9
2023,4,2023-04,-7.4,-12.1,-50.6,7.7,-8.1
2023,5,2023-05,-7.9,-13.0,-53.3,7.9,-9.0
2023,6,2023-06,-3.9,-9.9,-40.2,11.8,-2.4
2023,7,2023-07,0.1,-4.8,-32.1,15.0,4.9
2023,8,2023-08,-3.0,-5.0,-27.8,10.5,-3.4
2023,9,2023-09,-8.3,-12.4,-47.9,5.8,-11.1
2023,10,2023-10,-7.3,-10.6,-45.4,7.2,-11.4
2023,11,2023-11,-7.1,-8.0,-45.6,6.9,-13.4
2023,12,2023-12,-6.3,-8.7,-41.9,7.6,-11.5
2024,1,2024-01,-6.7,-8.7,-41.0,8.0,-12.8
2024,2,2024-02,-4.8,-5.4,-40.5,9.0,-9.8
2024,3,2024-03,-3.3,-5.3,-37.4,11.3,-6.7
2024,4,2024-04,-1.8,-2.3,-34.4,13.0,-6.7
2024,5,2024-05,-1.8,-2.2,-34.1,13.4,-7.7
2024,6,2024-06,-1.7,-3.2,-35.7,13.8,-7.6
2024,7,2024-07,-1.0,-1.3,-32.4,12.8,-5.9
2024,8,2024-08,-2.8,-1.5,-35.8,11.3,-10.5
2024,9,2024-09,0.0,-0.2,-34.4,14.9,-6.1
2024,10,2024-10,-0.5,-1.9,-32.4,15.3,-5.3
2024,11,2024-11,0.6,0.8,-34.0,17.8,-8.0
2024,12,2024-12,1.8,1.7,-26.4,16.2,-2.4
2025,1,2025-01,0.5,0.7,-30.6,15.6,-5.9
2025,2,2025-02,-1.1,1.0,-31.2,13.8,-11.4
2025,3,2025-03,-2.0,0.6,-30.2,12.5,-13.0
2025,4,2025-04,-4.2,0.6,-35.8,10.9,-20.8
2025,5,2025-05,-2.2,1.2,-24.0,13.0,-15.5
2025,6,2025-06,-2.9,-0.2,-22.3,12.3,-16.3
2025,7,2025-07,-4.5,-1.5,-27.7,10.6,-20.0
2025,8,2025-08,-2.7,-0.7,-24.1,12.4,-15.5
2025,9,2025-09,-1.0,0.5,-25.3,15.7,-12.5
2025,10,2025-10,-0.1,0.3,-18.7,13.4,-7.6
2025,11,2025-11,-1.0,0.2,-22.7,14.5,-10.9
2025,12,2025-12,-1.9,0.3,-23.2,12.7,-13.6
2026,1,2026-01,-1.8,0.7,-22.0,13.4,-14.6
2026,2,2026-02,-1.7,0.2,-24.5,14.7,-15.4
2026,3,2026-03,-3.0,0.1,-22.6,12.8,-17.6
2026,4,2026-04,-6.2,-2.4,-29.1,8.2,-22.2
2026,5,2026-05,-6.2,-2.6,-30.5,7.8,-22.2
2026,6,2026-06,-5.2,-1.8,-30.7,9.8,-20.9
2026,7,2026-07,-4.5,-1.9,-27.1,10.2,-19.6
