any,trimestre,sexe,ocupats_cnae47_milers,aturats_seccio_g_milers,hores_setmana_seccio_g,periode
2008,1,dones,1265.5,118.3,33.0,2008-T1
2008,1,homes,747.5,81.5,39.0,2008-T1
2008,1,total,2013.0,199.8,36.0,2008-T1
2008,2,dones,1251.7,147.1,34.2,2008-T2
2008,2,homes,757.9,92.8,41.1,2008-T2
2008,2,total,2009.6,239.9,37.7,2008-T2
2008,3,dones,1284.6,129.6,31.3,2008-T3
2008,3,homes,765.5,103.3,37.7,2008-T3
2008,3,total,2050.1,232.9,34.5,2008-T3
2008,4,dones,1252.2,157.4,33.8,2008-T4
2008,4,homes,737.0,118.7,40.3,2008-T4
2008,4,total,1989.2,276.1,37.0,2008-T4
2009,1,dones,1202.8,194.5,33.8,2009-T1
2009,1,homes,699.6,156.7,40.1,2009-T1
2009,1,total,1902.4,351.2,36.9,2009-T1
2009,2,dones,1183.5,216.4,33.6,2009-T2
2009,2,homes,694.3,162.2,40.1,2009-T2
2009,2,total,1877.8,378.5,36.8,2009-T2
2009,3,dones,1232.4,193.6,31.3,2009-T3
2009,3,homes,710.8,148.8,37.7,2009-T3
2009,3,total,1943.2,342.5,34.5,2009-T3
2009,4,dones,1183.7,192.3,33.6,2009-T4
2009,4,homes,690.1,142.0,40.1,2009-T4
2009,4,total,1873.8,334.2,36.8,2009-T4
2010,1,dones,1169.7,196.1,33.7,2010-T1
2010,1,homes,685.7,142.2,40.0,2010-T1
2010,1,total,1855.3,338.3,36.8,2010-T1
2010,2,dones,1157.2,187.9,34.4,2010-T2
2010,2,homes,681.7,148.9,41.0,2010-T2
2010,2,total,1838.8,336.8,37.7,2010-T2
2010,3,dones,1191.2,177.6,31.9,2010-T3
2010,3,homes,692.1,148.3,37.3,2010-T3
2010,3,total,1883.3,325.9,34.6,2010-T3
2010,4,dones,1193.1,161.0,33.2,2010-T4
2010,4,homes,706.0,139.7,39.2,2010-T4
2010,4,total,1899.1,300.7,36.2,2010-T4
2011,1,dones,1171.3,177.2,34.4,2011-T1
2011,1,homes,685.6,146.1,40.6,2011-T1
2011,1,total,1856.9,323.2,37.5,2011-T1
2011,2,dones,1214.8,178.0,33.3,2011-T2
2011,2,homes,699.4,148.5,39.8,2011-T2
2011,2,total,1914.2,326.4,36.5,2011-T2
2011,3,dones,1223.9,163.4,31.5,2011-T3
2011,3,homes,712.9,135.0,37.4,2011-T3
2011,3,total,1936.9,298.4,34.4,2011-T3
2011,4,dones,1169.6,186.1,33.0,2011-T4
2011,4,homes,710.6,139.5,39.1,2011-T4
2011,4,total,1880.2,325.7,36.0,2011-T4
2012,1,dones,1147.0,194.6,33.8,2012-T1
2012,1,homes,708.6,160.3,40.2,2012-T1
2012,1,total,1855.6,354.9,37.0,2012-T1
2012,2,dones,1136.8,198.5,32.9,2012-T2
2012,2,homes,718.3,169.4,39.9,2012-T2
2012,2,total,1855.2,367.9,36.4,2012-T2
2012,3,dones,1135.9,204.9,31.6,2012-T3
2012,3,homes,762.2,167.7,37.1,2012-T3
2012,3,total,1898.1,372.6,34.4,2012-T3
2012,4,dones,1121.0,187.8,33.2,2012-T4
2012,4,homes,751.4,166.9,39.0,2012-T4
2012,4,total,1872.5,354.7,36.1,2012-T4
2013,1,dones,1119.2,212.6,33.7,2013-T1
2013,1,homes,737.5,184.2,39.5,2013-T1
2013,1,total,1856.8,396.8,36.6,2013-T1
2013,2,dones,1126.8,224.0,34.1,2013-T2
2013,2,homes,731.6,166.9,40.7,2013-T2
2013,2,total,1858.4,390.9,37.4,2013-T2
2013,3,dones,1158.9,201.2,31.9,2013-T3
2013,3,homes,714.2,164.2,37.0,2013-T3
2013,3,total,1873.1,365.4,34.4,2013-T3
2013,4,dones,1141.1,179.8,33.8,2013-T4
2013,4,homes,702.9,151.5,39.6,2013-T4
2013,4,total,1844.0,331.3,36.6,2013-T4
2014,1,dones,1124.2,200.2,33.7,2014-T1
2014,1,homes,685.3,161.2,39.9,2014-T1
2014,1,total,1809.5,361.4,36.7,2014-T1
2014,2,dones,1144.2,193.9,33.2,2014-T2
2014,2,homes,726.7,144.9,40.0,2014-T2
2014,2,total,1870.9,338.8,36.6,2014-T2
2014,3,dones,1184.4,175.0,31.1,2014-T3
2014,3,homes,743.8,132.4,37.2,2014-T3
2014,3,total,1928.2,307.4,34.1,2014-T3
2014,4,dones,1169.8,173.2,33.5,2014-T4
2014,4,homes,722.6,127.9,39.8,2014-T4
2014,4,total,1892.5,301.1,36.6,2014-T4
2015,1,dones,1170.5,177.8,32.8,2015-T1
2015,1,homes,710.4,130.5,39.5,2015-T1
2015,1,total,1880.9,308.3,36.1,2015-T1
2015,2,dones,1193.5,183.3,32.5,2015-T2
2015,2,homes,704.8,130.9,39.8,2015-T2
2015,2,total,1898.4,314.1,36.0,2015-T2
2015,3,dones,1211.8,159.0,31.2,2015-T3
2015,3,homes,733.9,115.2,37.1,2015-T3
2015,3,total,1945.6,274.2,34.1,2015-T3
2015,4,dones,1175.0,157.7,32.9,2015-T4
2015,4,homes,730.0,120.1,39.0,2015-T4
2015,4,total,1905.0,277.8,35.9,2015-T4
2016,1,dones,1160.0,192.8,33.4,2016-T1
2016,1,homes,694.6,129.9,39.1,2016-T1
2016,1,total,1854.6,322.6,36.2,2016-T1
2016,2,dones,1173.2,173.5,34.0,2016-T2
2016,2,homes,701.7,126.4,39.8,2016-T2
2016,2,total,1874.9,299.9,36.9,2016-T2
2016,3,dones,1237.8,158.9,31.4,2016-T3
2016,3,homes,720.9,105.6,37.1,2016-T3
2016,3,total,1958.7,264.4,34.2,2016-T3
2016,4,dones,1211.2,170.0,33.2,2016-T4
2016,4,homes,702.2,102.4,38.0,2016-T4
2016,4,total,1913.4,272.4,35.6,2016-T4
2017,1,dones,1178.0,170.5,33.6,2017-T1
2017,1,homes,712.5,109.0,39.1,2017-T1
2017,1,total,1890.4,279.5,36.3,2017-T1
2017,2,dones,1196.1,165.3,33.0,2017-T2
2017,2,homes,720.7,116.7,39.0,2017-T2
2017,2,total,1916.7,282.0,35.9,2017-T2
2017,3,dones,1226.3,158.4,31.0,2017-T3
2017,3,homes,748.8,98.2,36.4,2017-T3
2017,3,total,1975.1,256.6,33.7,2017-T3
2017,4,dones,1155.7,149.1,32.5,2017-T4
2017,4,homes,713.6,104.0,38.2,2017-T4
2017,4,total,1869.3,253.1,35.4,2017-T4
2018,1,dones,1145.3,169.4,32.8,2018-T1
2018,1,homes,704.4,110.5,38.8,2018-T1
2018,1,total,1849.7,280.0,35.8,2018-T1
2018,2,dones,1190.0,148.5,33.2,2018-T2
2018,2,homes,730.4,94.4,39.3,2018-T2
2018,2,total,1920.4,242.9,36.2,2018-T2
2018,3,dones,1234.8,126.8,31.4,2018-T3
2018,3,homes,754.4,88.1,36.5,2018-T3
2018,3,total,1989.1,214.9,33.9,2018-T3
2018,4,dones,1217.1,128.2,32.6,2018-T4
2018,4,homes,722.3,86.5,38.1,2018-T4
2018,4,total,1939.4,214.7,35.3,2018-T4
2019,1,dones,1157.5,146.3,33.1,2019-T1
2019,1,homes,745.0,89.5,38.9,2019-T1
2019,1,total,1902.5,235.8,36.0,2019-T1
2019,2,dones,1177.7,133.6,32.5,2019-T2
2019,2,homes,740.9,103.2,38.3,2019-T2
2019,2,total,1918.6,236.8,35.4,2019-T2
2019,3,dones,1185.8,136.0,30.7,2019-T3
2019,3,homes,758.4,93.0,35.6,2019-T3
2019,3,total,1944.2,228.9,33.2,2019-T3
2019,4,dones,1185.1,136.0,32.6,2019-T4
2019,4,homes,776.2,103.0,37.9,2019-T4
2019,4,total,1961.3,239.0,35.2,2019-T4
2020,1,dones,1211.3,156.9,31.8,2020-T1
2020,1,homes,745.9,131.0,36.0,2020-T1
2020,1,total,1957.2,287.9,33.8,2020-T1
2020,2,dones,1116.2,168.9,23.6,2020-T2
2020,2,homes,697.8,133.3,27.4,2020-T2
2020,2,total,1814.0,302.2,25.5,2020-T2
2020,3,dones,1183.0,178.6,29.5,2020-T3
2020,3,homes,738.8,137.7,34.4,2020-T3
2020,3,total,1921.8,316.3,31.9,2020-T3
2020,4,dones,1152.9,165.1,31.7,2020-T4
2020,4,homes,732.7,106.7,36.3,2020-T4
2020,4,total,1885.6,271.8,34.0,2020-T4
2021,1,dones,1124.2,168.2,30.5,2021-T1
2021,1,homes,726.5,107.6,36.1,2021-T1
2021,1,total,1850.8,275.8,33.3,2021-T1
2021,2,dones,1105.0,150.9,31.9,2021-T2
2021,2,homes,722.0,94.4,37.6,2021-T2
2021,2,total,1827.1,245.3,34.8,2021-T2
2021,3,dones,1151.4,122.7,29.0,2021-T3
2021,3,homes,739.2,102.1,34.0,2021-T3
2021,3,total,1890.6,224.8,31.6,2021-T3
2021,4,dones,1115.1,100.6,31.2,2021-T4
2021,4,homes,744.3,88.4,36.1,2021-T4
2021,4,total,1859.4,189.0,33.7,2021-T4
2022,1,dones,1077.6,121.9,32.0,2022-T1
2022,1,homes,705.6,105.0,37.2,2022-T1
2022,1,total,1783.1,226.9,34.7,2022-T1
2022,2,dones,1124.9,100.6,31.2,2022-T2
2022,2,homes,710.4,86.1,36.5,2022-T2
2022,2,total,1835.2,186.7,33.9,2022-T2
2022,3,dones,1145.4,130.3,29.9,2022-T3
2022,3,homes,709.3,90.9,34.2,2022-T3
2022,3,total,1854.7,221.2,32.0,2022-T3
2022,4,dones,1165.8,107.0,31.1,2022-T4
2022,4,homes,703.7,87.6,36.0,2022-T4
2022,4,total,1869.6,194.6,33.5,2022-T4
2023,1,dones,1174.0,133.8,32.2,2023-T1
2023,1,homes,666.0,94.0,37.1,2023-T1
2023,1,total,1839.9,227.8,34.6,2023-T1
2023,2,dones,1210.8,131.7,31.5,2023-T2
2023,2,homes,696.0,86.6,36.0,2023-T2
2023,2,total,1906.7,218.3,33.7,2023-T2
2023,3,dones,1259.4,127.5,29.4,2023-T3
2023,3,homes,757.3,93.0,33.6,2023-T3
2023,3,total,2016.6,220.5,31.5,2023-T3
2023,4,dones,1194.5,118.3,31.2,2023-T4
2023,4,homes,744.5,86.3,35.6,2023-T4
2023,4,total,1939.0,204.7,33.4,2023-T4
2024,1,dones,1172.4,139.8,31.6,2024-T1
2024,1,homes,748.6,97.9,36.0,2024-T1
2024,1,total,1921.0,237.7,33.9,2024-T1
2024,2,dones,1200.7,115.7,31.9,2024-T2
2024,2,homes,761.9,103.0,37.2,2024-T2
2024,2,total,1962.6,218.7,34.6,2024-T2
2024,3,dones,1246.1,116.5,29.1,2024-T3
2024,3,homes,785.8,81.3,33.3,2024-T3
2024,3,total,2031.9,197.8,31.2,2024-T3
2024,4,dones,1198.0,103.2,31.2,2024-T4
2024,4,homes,766.0,101.1,35.9,2024-T4
2024,4,total,1964.0,204.2,33.6,2024-T4
2025,1,dones,1186.6,126.0,31.3,2025-T1
2025,1,homes,769.6,104.3,36.0,2025-T1
2025,1,total,1956.2,230.3,33.7,2025-T1
2025,2,dones,1239.1,117.1,30.7,2025-T2
2025,2,homes,799.3,78.9,35.7,2025-T2
2025,2,total,2038.4,196.0,33.2,2025-T2
2025,3,dones,1235.8,134.6,29.0,2025-T3
2025,3,homes,843.0,89.9,33.1,2025-T3
2025,3,total,2078.7,224.5,31.1,2025-T3
2025,4,dones,1241.1,107.9,31.1,2025-T4
2025,4,homes,810.2,75.2,35.7,2025-T4
2025,4,total,2051.2,183.2,33.4,2025-T4
2026,1,dones,1211.0,126.0,31.3,2026-T1
2026,1,homes,762.7,89.3,35.4,2026-T1
2026,1,total,1973.7,215.3,33.4,2026-T1
2026,2,dones,1233.1,107.4,31.3,2026-T2
2026,2,homes,756.1,73.8,36.0,2026-T2
2026,2,total,1989.2,181.2,33.7,2026-T2
