any,tipus,bens_share,serveis_share,online_pen,comerc_fisic_share,comerc_fisic_logodds
2013,historic,42.02,57.98,0.42,41.84,
2014,historic,41.87,58.13,1.78,41.12,
2015,historic,41.79,58.21,2.19,40.87,
2016,historic,41.61,58.39,2.48,40.58,
2017,historic,41.25,58.75,2.71,40.13,
2018,historic,41.08,58.92,3.24,39.75,
2019,historic,40.68,59.32,3.94,39.08,
2020,historic,44.23,55.77,6.46,41.37,
2021,historic,43.11,56.89,6.27,40.41,
2022,historic,41.2,58.8,6.17,38.66,
2023,historic,39.52,60.48,6.67,36.88,
2024,historic,38.35,61.65,7.25,35.57,
2026,projeccio,37.74,62.26,8.27,34.62,32.98
2027,projeccio,37.43,62.57,8.85,34.11,31.82
2028,projeccio,37.11,62.89,9.43,33.61,30.54
2029,projeccio,36.8,63.2,10.01,33.12,29.14
2030,projeccio,36.49,63.51,10.6,32.62,27.61
2031,projeccio,36.18,63.82,11.18,32.13,25.97
2032,projeccio,35.86,64.14,11.76,31.65,24.23
2033,projeccio,35.55,64.45,12.34,31.16,22.41
2034,projeccio,35.24,64.76,12.93,30.69,20.53
2035,projeccio,34.93,65.07,13.51,30.21,18.63
