pais,pais_codi,any,vab_meur,vab_total_meur,pes_cnae47
Austria,AT,1995,8481.8,165078.3,0.051380466118199665
Austria,AT,1996,8407.1,166174.8,0.050591906835452796
Austria,AT,1997,8108.2,166463.2,0.04870866353644529
Austria,AT,1998,8556.0,172848.6,0.04949996702316362
Austria,AT,1999,9069.4,180440.9,0.050262440499908835
Austria,AT,2000,9408.2,189418.9,0.049668750056092614
Austria,AT,2001,9761.7,195976.8,0.049810487772022
Austria,AT,2002,10203.6,200708.4,0.050837932044697685
Austria,AT,2003,10223.2,205864.5,0.04965984907548412
Austria,AT,2004,10551.5,214252.0,0.04924808169818718
Austria,AT,2005,10845.7,224194.7,0.04837625510326515
Austria,AT,2006,11116.5,237133.7,0.04687861742131127
Austria,AT,2007,11756.1,251596.6,0.046725989142937546
Austria,AT,2008,12148.1,260417.8,0.04664850098572371
Austria,AT,2009,12468.5,254814.8,0.04893161621695443
Austria,AT,2010,13382.0,261615.0,0.05115150125183954
Austria,AT,2011,13716.5,274204.3,0.050022920865938285
Austria,AT,2012,13792.3,281072.7,0.049070222757315096
Austria,AT,2013,14031.5,285327.0,0.049176909300556904
Austria,AT,2014,14421.4,293480.3,0.049139243758439664
Austria,AT,2015,14364.3,303845.6,0.04727499756455252
Austria,AT,2016,14527.8,315923.9,0.04598512489874935
Austria,AT,2017,14522.8,326371.6,0.04449774428902515
Austria,AT,2018,15286.3,341351.6,0.04478168551136131
Austria,AT,2019,15816.0,352742.6,0.04483722691843855
Austria,AT,2020,15153.1,340529.9,0.044498588817017244
Austria,AT,2021,16998.7,362536.8,0.046888205555960114
Austria,AT,2022,18210.2,402767.1,0.045212729639536105
Austria,AT,2023,18256.0,429634.3,0.04249195187628176
Austria,AT,2024,18637.3,443546.0,0.04201886613789776
Belgica,BE,1995,7755.3,198543.0,0.03906105982079449
Belgica,BE,1996,7890.5,197322.2,0.039987897965864966
Belgica,BE,1997,7784.9,199659.1,0.038990960091475915
Belgica,BE,1998,8170.3,206675.9,0.03953194349220204
Belgica,BE,1999,8454.2,216177.4,0.03910769580909013
Belgica,BE,2000,8519.5,228625.4,0.037264013534804095
Belgica,BE,2001,9081.4,236804.2,0.03834982656557612
Belgica,BE,2002,10437.6,244560.7,0.042678974994755904
Belgica,BE,2003,11447.9,251865.8,0.04545237979908348
Belgica,BE,2004,11981.8,264845.4,0.045240732895492984
Belgica,BE,2005,12532.5,276828.7,0.04527167883965788
Belgica,BE,2006,12987.9,290022.6,0.04478237213237865
Belgica,BE,2007,13684.0,306588.9,0.04463305749164435
Belgica,BE,2008,14262.2,313984.0,0.04542333367305341
Belgica,BE,2009,14153.7,311073.7,0.045499507030006076
Belgica,BE,2010,14359.2,324827.0,0.04420568487225508
Belgica,BE,2011,14910.8,339303.2,0.04394535624774538
Belgica,BE,2012,15377.0,347256.9,0.044281337534257774
Belgica,BE,2013,15647.5,353107.0,0.04431376325023293
Belgica,BE,2014,15609.6,362940.0,0.043008761778806415
Belgica,BE,2015,15477.5,372548.9,0.041544881759146245
Belgica,BE,2016,15545.2,382874.7,0.040601272426723414
Belgica,BE,2017,15263.9,395972.0,0.038547927631246655
Belgica,BE,2018,15717.8,410351.2,0.03830328752541725
Belgica,BE,2019,16278.0,429083.2,0.03793669852373619
Belgica,BE,2020,16343.4,417994.9,0.03909952011376215
Belgica,BE,2021,17797.2,452406.9,0.03933892254958976
Belgica,BE,2022,19276.0,505988.0,0.03809576511695929
Belgica,BE,2023,20651.7,545134.1,0.03788370604590687
Bulgaria,BG,1995,503.3,13413.0,0.03752329829270111
Bulgaria,BG,1996,409.5,9015.8,0.04542026220634886
Bulgaria,BG,1997,485.2,9193.4,0.05277699219004938
Bulgaria,BG,1998,588.1,11977.6,0.04909998664173123
Bulgaria,BG,1999,656.6,11357.4,0.05781252751510029
Bulgaria,BG,2000,670.1,12658.8,0.052935507315069366
Bulgaria,BG,2001,736.1,14008.6,0.05254629299144811
Bulgaria,BG,2002,736.4,15551.4,0.0473526499221935
Bulgaria,BG,2003,908.4,16404.8,0.055374036867258364
Bulgaria,BG,2004,1049.3,18064.2,0.05808726652716422
Bulgaria,BG,2005,1245.7,20444.8,0.060929918610111135
Bulgaria,BG,2006,1432.6,23135.5,0.06192215426509044
Bulgaria,BG,2007,1305.2,27541.1,0.04739099019283907
Bulgaria,BG,2008,1338.3,31315.2,0.04273643470263642
Bulgaria,BG,2009,1673.6,32514.2,0.051472894919758136
Bulgaria,BG,2010,2076.0,33421.8,0.06211514640145054
Bulgaria,BG,2011,2045.8,36203.9,0.05650772430594494
Bulgaria,BG,2012,1906.7,36759.7,0.051869302524231706
Bulgaria,BG,2013,1805.2,36257.4,0.04978845697705848
Bulgaria,BG,2014,1866.2,37315.2,0.05001179144155733
Bulgaria,BG,2015,2132.1,39553.7,0.053903933133941956
Bulgaria,BG,2016,2224.3,41978.7,0.05298639548151802
Bulgaria,BG,2017,2603.4,45146.2,0.057665982962021176
Bulgaria,BG,2018,2826.3,48490.8,0.05828528298151402
Bulgaria,BG,2019,3095.1,52787.0,0.05863375452289389
Bulgaria,BG,2020,2972.1,53688.0,0.055358739383102366
Bulgaria,BG,2021,3344.3,62431.3,0.053567681595609894
Bulgaria,BG,2022,3825.8,76531.2,0.04999006940960027
Bulgaria,BG,2023,4923.0,82858.4,0.05941461577824337
Bulgaria,BG,2024,5646.6,91404.5,0.0617759519498493
Xipre,CY,1995,383.6,6932.5,0.055333573746844576
Xipre,CY,1996,401.5,7235.6,0.05548952402012272
Xipre,CY,1997,407.5,7761.3,0.05250409080952933
Xipre,CY,1998,436.6,8500.2,0.0513634973294746
Xipre,CY,1999,482.0,9113.6,0.052887991573033706
Xipre,CY,2000,566.7,9844.7,0.05756396842971345
Xipre,CY,2001,595.9,10511.1,0.05669244893493545
Xipre,CY,2002,575.9,10889.4,0.052886293092365054
Xipre,CY,2003,619.8,11419.7,0.05427463068206695
Xipre,CY,2004,670.2,12261.9,0.054657108604702374
Xipre,CY,2005,745.1,13139.3,0.056707739377287986
Xipre,CY,2006,812.3,14165.6,0.0573431411306263
Xipre,CY,2007,896.6,15184.6,0.05904666570077578
Xipre,CY,2008,977.1,16416.5,0.059519385983614045
Xipre,CY,2009,934.9,16419.5,0.056938396418892166
Xipre,CY,2010,949.0,17160.5,0.055301418956324115
Xipre,CY,2011,927.6,17649.1,0.05255792080049408
Xipre,CY,2012,866.5,17293.9,0.05010437206182526
Xipre,CY,2013,802.1,16037.8,0.050013094065270804
Xipre,CY,2014,801.3,15322.8,0.05229461978228522
Xipre,CY,2015,810.9,15714.9,0.051600710154057615
Xipre,CY,2016,866.4,16646.5,0.052046976841978794
Xipre,CY,2017,991.6,17740.5,0.05589470420788591
Xipre,CY,2018,1057.4,19024.6,0.05558066923877507
Xipre,CY,2019,1096.0,20551.3,0.053329959661919196
Xipre,CY,2020,1036.6,19958.6,0.05193751064703937
Xipre,CY,2021,1219.5,22796.7,0.05349458474252852
Xipre,CY,2022,1343.4,26300.6,0.05107868261560573
Xipre,CY,2023,1382.9,28776.9,0.04805590595234372
Txequia,CZ,1995,1765.2,42126.8,0.04190206709268209
Txequia,CZ,1996,1987.1,48506.0,0.04096606605368408
Txequia,CZ,1997,2056.5,50296.1,0.04088786208075775
Txequia,CZ,1998,2062.4,54918.7,0.03755369300438649
Txequia,CZ,1999,2133.9,55860.7,0.03820038058957371
Txequia,CZ,2000,2571.7,61440.1,0.04185702822749312
Txequia,CZ,2001,3052.3,69457.5,0.04394485836662708
Txequia,CZ,2002,3758.9,80320.3,0.04679887898825079
Txequia,CZ,2003,3557.5,81356.9,0.0437270839965633
Txequia,CZ,2004,3599.8,87689.7,0.04105157162129646
Txequia,CZ,2005,4235.8,99873.9,0.04241148087738639
Txequia,CZ,2006,4691.4,113209.3,0.0414400583697629
Txequia,CZ,2007,4895.3,125780.7,0.0389193254609014
Txequia,CZ,2008,5886.9,146823.9,0.04009497091413591
Txequia,CZ,2009,5626.3,135019.6,0.04167024639385689
Txequia,CZ,2010,5888.4,144502.8,0.04074938340295136
Txequia,CZ,2011,5865.9,150546.4,0.038964066892333525
Txequia,CZ,2012,5849.9,147400.9,0.039687003267958335
Txequia,CZ,2013,5511.4,143926.7,0.03829310336442091
Txequia,CZ,2014,5507.7,143913.5,0.03827090578715687
Txequia,CZ,2015,5928.1,153657.0,0.038580084213540554
Txequia,CZ,2016,6367.1,161310.8,0.03947100876072775
Txequia,CZ,2017,7380.7,177057.7,0.04168528112587026
Txequia,CZ,2018,7847.0,192659.1,0.040729973305179974
Txequia,CZ,2019,8534.0,207645.5,0.041098892102164504
Txequia,CZ,2020,8403.4,200921.0,0.041824398644243255
Txequia,CZ,2021,8882.3,224220.1,0.03961420051101573
Txequia,CZ,2022,9975.0,261260.4,0.038180298277121216
Txequia,CZ,2023,11489.8,293132.6,0.03919659567035533
Txequia,CZ,2024,11733.4,292821.7,0.040070117754251136
Alemanya,DE,1995,74687.4,1794752.4,0.04161431961311209
Alemanya,DE,1996,77085.4,1786129.9,0.0431577792858179
Alemanya,DE,1997,75498.1,1772226.1,0.042600715563324565
Alemanya,DE,1998,75762.9,1816027.3,0.041719031426454875
Alemanya,DE,1999,78542.0,1868803.0,0.04202797191571289
Alemanya,DE,2000,85636.0,1915279.0,0.04471202367905668
Alemanya,DE,2001,86030.0,1977509.0,0.04350422678228013
Alemanya,DE,2002,84687.0,2003527.0,0.04226895869134781
Alemanya,DE,2003,84474.0,2015904.0,0.04190378113243488
Alemanya,DE,2004,83421.0,2069017.0,0.04031914672523232
Alemanya,DE,2005,81415.0,2095171.0,0.038858403442964796
Alemanya,DE,2006,84003.0,2184869.0,0.03844761402171023
Alemanya,DE,2007,82446.0,2275687.0,0.03622905962023776
Alemanya,DE,2008,80319.0,2316889.0,0.03466674493253669
Alemanya,DE,2009,82146.0,2223746.0,0.03694036998829903
Alemanya,DE,2010,81706.0,2341162.0,0.03489976345079922
Alemanya,DE,2011,78781.0,2451563.0,0.0321350093797304
Alemanya,DE,2012,77458.0,2499101.0,0.030994345566665773
Alemanya,DE,2013,82670.0,2555938.0,0.03234429004146423
Alemanya,DE,2014,87123.0,2662091.0,0.032727280923154016
Alemanya,DE,2015,94680.0,2753317.0,0.034387613195284085
Alemanya,DE,2016,98870.0,2852146.0,0.03466512583857909
Alemanya,DE,2017,108283.0,2977318.0,0.03636930955981189
Alemanya,DE,2018,110270.0,3069316.0,0.03592657126213137
Alemanya,DE,2019,110414.0,3161673.0,0.03492265012858699
Alemanya,DE,2020,125553.0,3100097.0,0.040499700493242634
Alemanya,DE,2021,122789.0,3294085.0,0.037275601570694136
Alemanya,DE,2022,133915.0,3591874.0,0.03728276660038743
Alemanya,DE,2023,135646.0,3853937.0,0.03519673518274948
Dinamarca,DK,1975,1763.8,29171.0,0.060464159610572145
Dinamarca,DK,1976,2234.1,35257.2,0.06336578060651442
Dinamarca,DK,1977,2383.1,38332.8,0.06216869104265798
Dinamarca,DK,1978,2393.1,41354.6,0.05786780672524943
Dinamarca,DK,1979,2400.7,44355.1,0.0541245538844462
Dinamarca,DK,1980,2183.0,44069.1,0.04953584257450232
Dinamarca,DK,1981,2298.8,47723.7,0.04816893912249051
Dinamarca,DK,1982,2578.8,53289.6,0.048392181588902905
Dinamarca,DK,1983,2844.0,58626.0,0.048510899600859685
Dinamarca,DK,1984,3096.7,64600.9,0.047935864670616044
Dinamarca,DK,1985,3513.8,70918.9,0.04954673577847373
Dinamarca,DK,1986,3615.2,75867.3,0.047651623294884614
Dinamarca,DK,1987,3787.8,80997.7,0.046764290837887995
Dinamarca,DK,1988,3629.3,83764.2,0.04332757908509841
Dinamarca,DK,1989,3595.2,88055.4,0.040828841842749
Dinamarca,DK,1990,4225.0,94526.9,0.044696271643310005
Dinamarca,DK,1991,4417.5,97886.9,0.045128612715286724
Dinamarca,DK,1992,4757.6,102923.9,0.04622444349660284
Dinamarca,DK,1993,4819.2,106817.7,0.04511611839610851
Dinamarca,DK,1994,5116.0,114165.5,0.044812136766361116
Dinamarca,DK,1995,5406.7,122373.4,0.044181987261937644
Dinamarca,DK,1996,5265.5,127143.3,0.04141390069315489
Dinamarca,DK,1997,5333.8,131378.4,0.04059875900452434
Dinamarca,DK,1998,5485.1,134670.9,0.04072966023097789
Dinamarca,DK,1999,5573.0,142421.9,0.039130218035288114
Dinamarca,DK,2000,5757.3,153239.7,0.037570551234438594
Dinamarca,DK,2001,5748.4,158596.1,0.03624553188886738
Dinamarca,DK,2002,6126.3,163234.3,0.0375307150519223
Dinamarca,DK,2003,6243.3,166627.9,0.037468515176630086
Dinamarca,DK,2004,6385.7,174060.5,0.0366866692902755
Dinamarca,DK,2005,6662.2,181404.8,0.03672559932261991
Dinamarca,DK,2006,7238.4,191977.1,0.03770449704678318
Dinamarca,DK,2007,7658.8,198617.0,0.03856064687312768
Dinamarca,DK,2008,7173.7,208477.3,0.034409981326504135
Dinamarca,DK,2009,7307.6,200452.6,0.03645550120078263
Dinamarca,DK,2010,7238.0,210164.9,0.03443962336241685
Dinamarca,DK,2011,7303.7,214063.8,0.034119267246493806
Dinamarca,DK,2012,7323.6,219552.4,0.033356957154647364
Dinamarca,DK,2013,7263.0,224650.0,0.03233029156465613
Dinamarca,DK,2014,7593.9,230431.5,0.03295512983250987
Dinamarca,DK,2015,7572.4,236102.6,0.03207249729566722
Dinamarca,DK,2016,7867.0,244843.6,0.032130715281101896
Dinamarca,DK,2017,8302.8,255937.6,0.03244071992548183
Dinamarca,DK,2018,8358.2,261071.1,0.03201503345257288
Dinamarca,DK,2019,8757.8,268551.8,0.03261121318121867
Dinamarca,DK,2020,9920.3,271165.3,0.03658395819819129
Dinamarca,DK,2021,10120.5,299078.6,0.033838930635625555
Dinamarca,DK,2022,9247.0,335283.5,0.027579645285258594
Dinamarca,DK,2023,9582.8,331373.4,0.028918434611830638
Dinamarca,DK,2024,9736.6,347741.6,0.027999526084886022
Eurozona,EA20,1995,265320.5,5200483.5,0.05101842934411772
Eurozona,EA20,1996,278674.3,5413259.9,0.05147994095018419
Eurozona,EA20,1997,281091.7,5537876.1,0.050758033391176814
Eurozona,EA20,1998,290214.5,5752364.3,0.050451342242006474
Eurozona,EA20,1999,298844.2,6003498.9,0.04977833842861202
Eurozona,EA20,2000,313796.6,6330448.8,0.04956940809631064
Eurozona,EA20,2001,326341.0,6644278.9,0.04911608993415372
Eurozona,EA20,2002,334921.3,6873712.2,0.048724952435454015
Eurozona,EA20,2003,341978.9,7076346.9,0.04832704004378304
Eurozona,EA20,2004,348220.9,7374123.6,0.04722200479525459
Eurozona,EA20,2005,352331.6,7632507.8,0.04616197051249656
Eurozona,EA20,2006,362309.4,8022431.1,0.04516204570457452
Eurozona,EA20,2007,375350.0,8473350.8,0.044297705696310835
Eurozona,EA20,2008,382626.2,8725949.3,0.043849234833395145
Eurozona,EA20,2009,380893.9,8445095.5,0.04510237924485283
Eurozona,EA20,2010,384705.0,8654295.7,0.0444524908017645
Eurozona,EA20,2011,385997.0,8885322.9,0.04344209032628403
Eurozona,EA20,2012,385351.1,8906925.8,0.04326420907200102
Eurozona,EA20,2013,386925.0,8990601.9,0.04303660692617254
Eurozona,EA20,2014,393919.2,9194726.0,0.04284186391198607
Eurozona,EA20,2015,413954.9,9521021.3,0.04347799326948255
Eurozona,EA20,2016,426068.9,9769369.3,0.04361273352620624
Eurozona,EA20,2017,443402.8,10137738.2,0.0437378428257301
Eurozona,EA20,2018,453220.9,10471977.6,0.04327939929894426
Eurozona,EA20,2019,465216.3,10825125.6,0.04297560298053262
Eurozona,EA20,2020,461168.6,10411523.8,0.04429405424785178
Eurozona,EA20,2021,491518.4,11258418.6,0.043657854398840706
Eurozona,EA20,2022,523013.5,12365420.5,0.04229645890327789
Eurozona,EA20,2023,558931.6,13265853.2,0.04213310607115719
Estonia,EE,1995,121.5,2646.2,0.045914896833194774
Estonia,EE,1996,170.6,3317.2,0.051428915953213555
Estonia,EE,1997,186.9,3994.6,0.04678816402142893
Estonia,EE,1998,221.1,4515.4,0.048965761615803696
Estonia,EE,1999,246.3,4863.4,0.050643582678784396
Estonia,EE,2000,274.1,5512.9,0.04971974822688604
Estonia,EE,2001,349.9,6232.0,0.05614569961489088
Estonia,EE,2002,354.1,6964.8,0.05084137376521939
Estonia,EE,2003,381.9,7809.9,0.04889947374486229
Estonia,EE,2004,434.3,8666.8,0.050110767526653444
Estonia,EE,2005,512.9,10054.9,0.051009955345155095
Estonia,EE,2006,639.7,11937.5,0.05358743455497383
Estonia,EE,2007,753.5,14406.6,0.05230241694778782
Estonia,EE,2008,698.3,14805.2,0.04716586064355766
Estonia,EE,2009,556.6,12238.4,0.045479801281213234
Estonia,EE,2010,568.1,12844.4,0.044229391797203456
Estonia,EE,2011,642.3,14643.0,0.0438639623028068
Estonia,EE,2012,692.4,15754.5,0.043949347805388936
Estonia,EE,2013,762.7,16755.8,0.04551856670526027
Estonia,EE,2014,777.4,17742.7,0.04381520287216714
Estonia,EE,2015,784.8,18203.7,0.043112114570114865
Estonia,EE,2016,860.6,19112.3,0.045028594151410355
Estonia,EE,2017,931.4,21075.6,0.044193285125927614
Estonia,EE,2018,1012.9,22991.8,0.04405483694186623
Estonia,EE,2019,1083.9,24742.4,0.043807391360579415
Estonia,EE,2020,1198.6,24419.9,0.04908292007747779
Estonia,EE,2021,1338.9,27518.9,0.04865383427389903
Estonia,EE,2022,1404.0,32031.2,0.04383226354304553
Estonia,EE,2023,1576.8,33826.5,0.04661434082745776
Estonia,EE,2024,1580.6,34911.5,0.04527447975595434
Grecia,EL,1995,8190.1,93774.0,0.08733870795742957
Grecia,EL,1996,9367.2,101381.5,0.09239555540211972
Grecia,EL,1997,10278.0,110058.5,0.09338669889195292
Grecia,EL,1998,9955.0,112556.9,0.08844415580031079
Grecia,EL,1999,10733.1,120124.6,0.08934972520199859
Grecia,EL,2000,11190.5,122577.4,0.0912933379236303
Grecia,EL,2001,10808.8,130715.2,0.08268969484803604
Grecia,EL,2002,10559.8,141238.9,0.07476552139672568
Grecia,EL,2003,10238.2,155704.5,0.0657540405062153
Grecia,EL,2004,10173.7,169962.4,0.05985853341680278
Grecia,EL,2005,9694.2,174351.6,0.05560143984913245
Grecia,EL,2006,8972.1,189484.4,0.04735007209036734
Grecia,EL,2007,10173.1,201855.1,0.05039803304449578
Grecia,EL,2008,10520.1,210563.9,0.04996155561328414
Grecia,EL,2009,10391.2,209179.3,0.04967604347084057
Grecia,EL,2010,10429.5,197195.6,0.052889111116069525
Grecia,EL,2011,9106.7,178347.3,0.051061608445992744
Grecia,EL,2012,7883.0,163766.2,0.048135695888406764
Grecia,EL,2013,6598.1,157795.3,0.04181429991894563
Grecia,EL,2014,6782.6,155355.4,0.04365860472181849
Grecia,EL,2015,7168.8,154780.6,0.04631588196453561
Grecia,EL,2016,7149.7,152015.6,0.04703267296251174
Grecia,EL,2017,7424.9,154782.3,0.04796995522097811
Grecia,EL,2018,7175.7,156634.9,0.04581162946444247
Grecia,EL,2019,7100.8,160732.6,0.04417772125878633
Grecia,EL,2020,6273.2,147236.3,0.04260634096347165
Grecia,EL,2021,6258.7,161015.4,0.038870195024823716
Grecia,EL,2022,7193.1,182631.3,0.03938591030124629
Grecia,EL,2023,7380.3,196050.9,0.03764481570857364
Grecia,EL,2024,7534.0,205426.5,0.03667491779298192
Espanya,ES,1995,29511.6,434865.6,0.0678637261719483
Espanya,ES,1996,30762.5,467378.5,0.06581924500164214
Espanya,ES,1997,30642.0,478544.1,0.06403171619919669
Espanya,ES,1998,30964.5,504833.1,0.061336112865816445
Espanya,ES,1999,32223.0,540843.0,0.059579212451672664
Espanya,ES,2000,34049.0,588595.0,0.057847925993255125
Espanya,ES,2001,36282.0,638972.0,0.056781830815747794
Espanya,ES,2002,38740.0,683365.0,0.056690055826681206
Espanya,ES,2003,39827.0,728182.0,0.054693744146380986
Espanya,ES,2004,42459.0,775872.0,0.054724232863152686
Espanya,ES,2005,45235.0,833031.0,0.05430170065699836
Espanya,ES,2006,48078.0,898262.0,0.05352335955433938
Espanya,ES,2007,50206.0,970997.0,0.05170561804001454
Espanya,ES,2008,53791.0,1025304.0,0.05246346449443287
Espanya,ES,2009,53266.0,1005567.0,0.052971109831567664
Espanya,ES,2010,53287.0,989756.0,0.05383852181749845
Espanya,ES,2011,53806.0,984997.0,0.054625547082884515
Espanya,ES,2012,52725.0,953037.0,0.05532314065456011
Espanya,ES,2013,51231.0,937641.0,0.05463818241736443
Espanya,ES,2014,51124.0,946493.0,0.05401413428308503
Espanya,ES,2015,53777.0,987936.0,0.054433688012178925
Espanya,ES,2016,56813.0,1019400.0,0.055731803021385126
Espanya,ES,2017,58068.0,1061122.0,0.054723208075979954
Espanya,ES,2018,60520.0,1097845.0,0.055126179014341734
Espanya,ES,2019,61061.0,1137968.0,0.053657923597148605
Espanya,ES,2020,55397.0,1030964.0,0.053733205039167224
Espanya,ES,2021,62918.0,1118595.0,0.056247346001010196
Espanya,ES,2022,64043.0,1254715.0,0.051041870066110634
Espanya,ES,2023,71780.0,1366751.0,0.05251871043079537
UE-27,EU27_2020,1995,291197.9,5711434.1,0.05098507570979416
UE-27,EU27_2020,1996,307196.3,5971710.2,0.05144193032006141
UE-27,EU27_2020,1997,309862.4,6128243.7,0.05056300225136282
UE-27,EU27_2020,1998,320586.4,6376377.7,0.050277197349837044
UE-27,EU27_2020,1999,330429.9,6651582.2,0.04967688740281974
UE-27,EU27_2020,2000,350684.5,7058269.7,0.04968420234777937
UE-27,EU27_2020,2001,366508.0,7409922.8,0.04946178386635823
UE-27,EU27_2020,2002,376506.4,7677659.7,0.049039214384560444
UE-27,EU27_2020,2003,381375.4,7884009.8,0.04837327827776166
UE-27,EU27_2020,2004,390219.9,8238303.1,0.047366538383371695
UE-27,EU27_2020,2005,399366.7,8579077.9,0.04655123833296816
UE-27,EU27_2020,2006,414285.4,9057492.8,0.045739522972626595
UE-27,EU27_2020,2007,431699.4,9618990.8,0.04487990569655186
UE-27,EU27_2020,2008,440671.4,9969685.0,0.044201135743004924
UE-27,EU27_2020,2009,435293.0,9565406.4,0.04550700532702928
UE-27,EU27_2020,2010,443465.0,9887370.1,0.04485166384132824
UE-27,EU27_2020,2011,445346.5,10192240.6,0.04369466121119629
UE-27,EU27_2020,2012,448140.6,10240555.4,0.04376135692796505
UE-27,EU27_2020,2013,451255.3,10343438.8,0.043627202589529505
UE-27,EU27_2020,2014,460762.0,10578278.5,0.04355737088979081
UE-27,EU27_2020,2015,482887.3,10971749.6,0.04401187755870768
UE-27,EU27_2020,2016,496997.4,11254628.8,0.04415937733992613
UE-27,EU27_2020,2017,521957.3,11724610.5,0.04451809294645651
UE-27,EU27_2020,2018,535772.7,12128543.5,0.04417452928292667
UE-27,EU27_2020,2019,551449.3,12575167.5,0.043852242922410384
UE-27,EU27_2020,2020,549923.9,12147077.2,0.045272116983005595
UE-27,EU27_2020,2021,586223.2,13174722.2,0.044496057761278636
UE-27,EU27_2020,2022,624562.7,14515107.4,0.043028458749123685
UE-27,EU27_2020,2023,667581.8,15595042.2,0.04280730962048952
Finlandia,FI,1980,1524.3,34586.4,0.04407223648601762
Finlandia,FI,1981,1836.0,42064.4,0.04364735976264965
Finlandia,FI,1982,2090.4,48068.9,0.04348757720688429
Finlandia,FI,1983,2190.5,51105.1,0.04286264971597747
Finlandia,FI,1984,2503.4,59445.0,0.042112877449743465
Finlandia,FI,1985,2742.2,64966.7,0.04220931646520448
Finlandia,FI,1986,2765.3,65704.9,0.04208666324733772
Finlandia,FI,1987,3049.6,69479.9,0.04389183058697552
Finlandia,FI,1988,3444.6,79196.6,0.043494291421601425
Finlandia,FI,1989,3986.9,93074.4,0.042835623973939134
Finlandia,FI,1990,3885.9,96795.6,0.04014541983313291
Finlandia,FI,1991,3561.2,89873.5,0.039624583442282764
Finlandia,FI,1992,2834.1,75694.7,0.03744119469394819
Finlandia,FI,1993,2294.4,66447.2,0.034529671679167824
Finlandia,FI,1994,2595.1,76180.4,0.03406519262172422
Finlandia,FI,1995,3214.2,89833.6,0.035779485626758804
Finlandia,FI,1996,3358.4,90885.1,0.03695215167282646
Finlandia,FI,1997,3506.4,97153.5,0.03609133999289784
Finlandia,FI,1998,3705.1,104084.2,0.03559714154501836
Finlandia,FI,1999,3892.0,110400.0,0.035253623188405796
Finlandia,FI,2000,3833.0,119325.0,0.03212235491305259
Finlandia,FI,2001,4318.0,127287.0,0.033923338597028764
Finlandia,FI,2002,4518.0,130172.0,0.03470792489936392
Finlandia,FI,2003,4567.0,132388.0,0.0344970843278847
Finlandia,FI,2004,4999.0,139016.0,0.035959889509121254
Finlandia,FI,2005,5206.0,143900.0,0.03617790132036136
Finlandia,FI,2006,5346.0,150722.0,0.03546927455845862
Finlandia,FI,2007,5630.0,164129.0,0.03430228661601545
Finlandia,FI,2008,5957.0,170928.0,0.034850931386314704
Finlandia,FI,2009,5934.0,159054.0,0.03730808404692746
Finlandia,FI,2010,5993.0,164666.0,0.036394884189814534
Finlandia,FI,2011,6417.0,171239.0,0.037473939931908035
Finlandia,FI,2012,6499.0,173004.0,0.03756560541952787
Finlandia,FI,2013,6621.0,175160.0,0.03779972596483215
Finlandia,FI,2014,6470.0,177368.0,0.03647783140138018
Finlandia,FI,2015,6502.0,181406.0,0.03584225439070372
Finlandia,FI,2016,6499.0,185593.0,0.035017484495643694
Finlandia,FI,2017,6686.0,194113.0,0.03444385486804078
Finlandia,FI,2018,6754.0,199751.0,0.0338120960595942
Finlandia,FI,2019,6834.0,205950.0,0.03318281136198106
Finlandia,FI,2020,7123.0,204507.0,0.034830103615035184
Finlandia,FI,2021,7318.0,215307.0,0.03398867663382983
Finlandia,FI,2022,7525.0,231139.0,0.032556167500940994
Finlandia,FI,2023,7974.0,239121.0,0.03334713387782754
Finlandia,FI,2024,8057.0,241342.0,0.03338416023733954
Franca,FR,1993,51572.0,1010544.9,0.05103385312221159
Franca,FR,1994,52135.5,1045477.2,0.04986765851995625
Franca,FR,1995,54505.7,1090855.3,0.049966022074605126
Franca,FR,1996,54828.0,1121816.4,0.048874307774427264
Franca,FR,1997,54462.1,1140069.5,0.04777085958356048
Franca,FR,1998,58459.3,1192374.1,0.049027649963212044
Franca,FR,1999,59946.8,1243960.6,0.04819027226425017
Franca,FR,2000,61900.5,1319254.3,0.04692082489327493
Franca,FR,2001,66053.7,1373817.1,0.0480804176917
Franca,FR,2002,69828.3,1417481.7,0.04926222327949631
Franca,FR,2003,72977.7,1457776.7,0.05006095926762995
Franca,FR,2004,75230.5,1521910.0,0.049431635247813605
Franca,FR,2005,75279.2,1579667.7,0.04765508593991002
Franca,FR,2006,76205.5,1649439.9,0.04620083459845976
Franca,FR,2007,78915.0,1736159.9,0.045453762640180785
Franca,FR,2008,81709.2,1787460.6,0.0457124481513047
Franca,FR,2009,83184.3,1743573.3,0.047709092585898165
Franca,FR,2010,83679.7,1792597.6,0.04668069398285482
Franca,FR,2011,85308.5,1845782.1,0.04621807742094801
Franca,FR,2012,86082.9,1866716.6,0.04611460572001127
Franca,FR,2013,85311.6,1894345.0,0.04503488013007135
Franca,FR,2014,85773.8,1921806.4,0.04463186302220661
Franca,FR,2015,90165.9,1960327.3,0.045995329453403004
Franca,FR,2016,91273.1,1983737.7,0.04601066965657809
Franca,FR,2017,91814.9,2029705.8,0.04523557059353134
Franca,FR,2018,92656.5,2081977.9,0.044504074707036996
Franca,FR,2019,96806.7,2150689.8,0.045011930590827184
Franca,FR,2020,93978.8,2056545.2,0.04569741525739381
Franca,FR,2021,103366.3,2212764.4,0.046713649225376186
Franca,FR,2022,107729.3,2368609.4,0.0454820875067033
Franca,FR,2023,118221.2,2538450.4,0.04657219223192228
Croacia,HR,1995,815.1,14471.6,0.05632411067193676
Croacia,HR,1996,893.9,16046.2,0.05570789345764106
Croacia,HR,1997,958.1,17882.3,0.05357811914574748
Croacia,HR,1998,991.7,18963.1,0.052296301765006784
Croacia,HR,1999,802.1,18464.3,0.043440585345775364
Croacia,HR,2000,828.8,19552.8,0.04238779100691461
Croacia,HR,2001,973.4,21541.5,0.04518719680616484
Croacia,HR,2002,1163.7,23840.9,0.04881107676304166
Croacia,HR,2003,1301.0,25915.0,0.05020258537526529
Croacia,HR,2004,1335.6,28460.1,0.04692885829635173
Croacia,HR,2005,1494.2,31042.9,0.04813338959955416
Croacia,HR,2006,1652.4,34123.3,0.04842439037256068
Croacia,HR,2007,1724.8,37491.8,0.046004726366832206
Croacia,HR,2008,1954.4,40995.4,0.047673641432941255
Croacia,HR,2009,1680.4,39176.2,0.042893389353740284
Croacia,HR,2010,1753.7,39016.6,0.04494753515170466
Croacia,HR,2011,1765.4,39042.9,0.04521692804581627
Croacia,HR,2012,1730.8,37753.5,0.045844756115327054
Croacia,HR,2013,1844.2,37328.4,0.04940474276958026
Croacia,HR,2014,1884.0,36805.5,0.05118800179321025
Croacia,HR,2015,2001.7,37587.4,0.05325454806663935
Croacia,HR,2016,2103.4,39284.3,0.05354301845775539
Croacia,HR,2017,2210.0,41335.7,0.05346468065134981
Croacia,HR,2018,2414.3,43358.0,0.05568291895382629
Croacia,HR,2019,2780.4,45506.8,0.06109856109416614
Croacia,HR,2020,2534.6,41976.4,0.06038154772681792
Croacia,HR,2021,3180.6,47876.5,0.06643342767328439
Croacia,HR,2022,3285.2,56301.4,0.058350236406199484
Croacia,HR,2023,3865.4,66251.0,0.05834477970143847
Croacia,HR,2024,4254.0,71236.8,0.05971632639310019
Hongria,HU,1995,1242.4,30153.9,0.04120196724138503
Hongria,HU,1996,1296.2,31497.5,0.04115247241844591
Hongria,HU,1997,1411.0,36139.0,0.03904369240986192
Hongria,HU,1998,1498.2,37520.1,0.03993059719990086
Hongria,HU,1999,1506.0,39581.2,0.03804836639616788
Hongria,HU,2000,1673.3,43739.4,0.03825612605568435
Hongria,HU,2001,2111.6,51920.2,0.040670105276944236
Hongria,HU,2002,2542.3,62321.3,0.040793436593909306
Hongria,HU,2003,2502.8,64746.9,0.038655132523719285
Hongria,HU,2004,2830.4,71723.2,0.0394628237446182
Hongria,HU,2005,3109.1,78414.6,0.039649504046440326
Hongria,HU,2006,3137.8,79911.3,0.03926603621765633
Hongria,HU,2007,3446.5,88047.4,0.03914368851323265
Hongria,HU,2008,3727.6,92757.4,0.0401865511538702
Hongria,HU,2009,2960.4,80245.3,0.036891880272115624
Hongria,HU,2010,3031.0,84489.8,0.03587415285632112
Hongria,HU,2011,3256.3,86763.2,0.03753088867169491
Hongria,HU,2012,3137.6,84120.9,0.03729869746995099
Hongria,HU,2013,3566.8,86312.4,0.04132430566175892
Hongria,HU,2014,3917.1,89860.3,0.04359099624639579
Hongria,HU,2015,3964.6,95094.5,0.041691159846258194
Hongria,HU,2016,4140.5,98958.3,0.04184085619902524
Hongria,HU,2017,4687.5,107927.7,0.04343185299047418
Hongria,HU,2018,5148.5,115429.9,0.044602828210021844
Hongria,HU,2019,5564.0,124603.0,0.04465382053401604
Hongria,HU,2020,5183.8,117436.9,0.044141151546064315
Hongria,HU,2021,5753.3,131296.3,0.04381920891906323
Hongria,HU,2022,5667.3,143250.4,0.03956219319457398
Hongria,HU,2023,7098.7,170440.5,0.041649138555683654
Hongria,HU,2024,7149.5,177164.0,0.04035526404912962
Irlanda,IE,1995,2677.6,47755.4,0.056069051876855805
Irlanda,IE,1996,3079.8,53119.3,0.05797892668013321
Irlanda,IE,1997,3725.8,65158.2,0.057180830655236034
Irlanda,IE,1998,3640.2,72876.2,0.04995046393747204
Irlanda,IE,1999,4181.7,82670.8,0.05058255151758541
Irlanda,IE,2000,4523.7,96721.8,0.0467702213978648
Irlanda,IE,2001,4808.4,108813.8,0.0441892480549342
Irlanda,IE,2002,4973.6,120604.6,0.04123889138556904
Irlanda,IE,2003,5713.8,128986.9,0.044297521686310785
Irlanda,IE,2004,6091.5,137429.2,0.04432464134259677
Irlanda,IE,2005,6659.9,149522.7,0.04454106299578592
Irlanda,IE,2006,7416.2,162578.1,0.045616229984235264
Irlanda,IE,2007,9044.7,175065.9,0.05166454460863024
Irlanda,IE,2008,8687.3,167335.0,0.051915618370334954
Irlanda,IE,2009,8316.1,152335.9,0.054590546286200435
Irlanda,IE,2010,7584.4,152323.7,0.04979133253722171
Irlanda,IE,2011,7674.6,158278.8,0.04848785813387517
Irlanda,IE,2012,8049.4,161459.8,0.049853895520742625
Irlanda,IE,2013,8475.5,169095.0,0.05012271208492268
Irlanda,IE,2014,8504.1,186168.0,0.04567970865025139
Irlanda,IE,2015,8456.9,254663.7,0.0332081093614834
Irlanda,IE,2016,9063.1,257066.1,0.03525591277885338
Irlanda,IE,2017,9413.1,286712.9,0.03283110037950856
Irlanda,IE,2018,10122.3,315068.2,0.032127329892385204
Irlanda,IE,2019,9637.8,343049.3,0.02809450420099968
Irlanda,IE,2020,9544.2,358665.2,0.026610331863810597
Irlanda,IE,2021,10243.5,422643.4,0.024236744262420753
Irlanda,IE,2022,10896.9,496977.9,0.02192632710629587
Irlanda,IE,2023,12135.1,499273.9,0.024305496441932976
Irlanda,IE,2024,12253.9,535877.4,0.022866984127339573
Italia,IT,1995,55024.8,813800.6,0.06761459748247912
Italia,IT,1996,61694.0,938526.3,0.06573497194484587
Italia,IT,1997,63711.0,990807.8,0.06430207755732241
Italia,IT,1998,65285.2,1020005.8,0.06400473409072771
Italia,IT,1999,64988.5,1054253.7,0.061644080547215534
Italia,IT,2000,65530.1,1115546.2,0.05874261415618645
Italia,IT,2001,67579.0,1178148.1,0.057360360722051834
Italia,IT,2002,67301.3,1220342.3,0.05514952648941203
Italia,IT,2003,68229.2,1264275.0,0.05396705621799055
Italia,IT,2004,68836.7,1312780.2,0.052435815226341775
Italia,IT,2005,69653.3,1348360.1,0.0516577878565229
Italia,IT,2006,69738.0,1394329.2,0.05001544828868247
Italia,IT,2007,72567.5,1453436.5,0.04992822183838097
Italia,IT,2008,72433.9,1479747.8,0.0489501656971546
Italia,IT,2009,69575.6,1425773.8,0.048798484023202
Italia,IT,2010,72331.7,1449486.7,0.04990159619953739
Italia,IT,2011,72474.4,1480015.2,0.04896868626754644
Italia,IT,2012,72789.6,1455350.5,0.050015168167393355
Italia,IT,2013,71840.5,1445573.7,0.0496968781321907
Italia,IT,2014,73604.8,1453767.7,0.05063037237654957
Italia,IT,2015,77101.1,1479703.7,0.052105769553728906
Italia,IT,2016,78387.0,1515428.7,0.05172595714994708
Italia,IT,2017,81462.5,1552004.0,0.052488588946935706
Italia,IT,2018,82187.8,1582453.4,0.051936948032719324
Italia,IT,2019,84738.9,1604269.8,0.05282085344996209
Italia,IT,2020,74203.2,1496321.9,0.04959039896428703
Italia,IT,2021,82019.0,1644016.4,0.0498894049962032
Italia,IT,2022,89091.8,1793606.6,0.049671873419734294
Italia,IT,2023,94069.8,1924797.7,0.04887256463367553
Lituania,LT,1995,397.2,4610.0,0.08616052060737527
Lituania,LT,1996,507.7,5972.9,0.08500058598000972
Lituania,LT,1997,658.2,7863.5,0.08370318560437465
Lituania,LT,1998,743.7,8831.2,0.08421279101367878
Lituania,LT,1999,678.8,9094.0,0.07464262150868704
Lituania,LT,2000,918.4,11114.0,0.08263451502609322
Lituania,LT,2001,991.9,12187.0,0.08139000574382539
Lituania,LT,2002,1136.9,13502.2,0.08420109315518953
Lituania,LT,2003,1256.1,14943.1,0.08405886328807274
Lituania,LT,2004,1362.0,16498.3,0.08255396010498052
Lituania,LT,2005,1595.2,19006.6,0.08392874054275884
Lituania,LT,2006,1733.4,21725.4,0.07978679333867271
Lituania,LT,2007,2102.3,26061.9,0.08066564601966857
Lituania,LT,2008,2290.6,29313.0,0.07814280353426807
Lituania,LT,2009,1972.8,24262.6,0.0813103294782917
Lituania,LT,2010,1931.8,24707.5,0.07818678538905191
Lituania,LT,2011,2154.4,27803.8,0.07748581129198168
Lituania,LT,2012,2274.0,29870.7,0.07612811216342436
Lituania,LT,2013,2462.8,31414.9,0.07839592040719531
Lituania,LT,2014,2509.7,32738.0,0.07666015028407355
Lituania,LT,2015,2498.6,33547.8,0.07447880337905913
Lituania,LT,2016,2600.9,34789.7,0.07476063317591126
Lituania,LT,2017,2702.5,37823.8,0.07144972213262549
Lituania,LT,2018,2824.3,41189.1,0.06856911173101622
Lituania,LT,2019,2900.7,44098.4,0.06577789670373528
Lituania,LT,2020,2881.7,44905.0,0.06417325464870281
Lituania,LT,2021,3093.7,50516.9,0.061240891661998254
Lituania,LT,2022,3386.6,60696.1,0.055796006662701556
Lituania,LT,2023,3605.8,67012.1,0.053808192848754176
Lituania,LT,2024,3669.5,70747.7,0.051867410530660366
Letonia,LV,1995,154.2,3546.5,0.04347948681798956
Letonia,LV,1996,231.2,4045.7,0.05714709444595496
Letonia,LV,1997,280.4,4951.8,0.05662587341976654
Letonia,LV,1998,359.9,5478.7,0.0656907660576414
Letonia,LV,1999,389.1,6090.0,0.06389162561576354
Letonia,LV,2000,522.2,7511.8,0.06951729279267287
Letonia,LV,2001,552.8,8240.6,0.06708249399315583
Letonia,LV,2002,595.6,8840.5,0.06737175499123353
Letonia,LV,2003,622.3,8945.8,0.06956337052024414
Letonia,LV,2004,684.3,10034.2,0.06819676705666619
Letonia,LV,2005,827.1,11700.0,0.0706923076923077
Letonia,LV,2006,1036.6,14459.8,0.07168840509550616
Letonia,LV,2007,1251.9,19063.7,0.06566930868614172
Letonia,LV,2008,1336.4,20904.6,0.0639285133415612
Letonia,LV,2009,1152.7,16506.8,0.06983182688346622
Letonia,LV,2010,1179.0,15587.2,0.0756389858345309
Letonia,LV,2011,1086.7,16755.9,0.06485476757440663
Letonia,LV,2012,1163.8,18716.7,0.062179764595254504
Letonia,LV,2013,1162.7,19263.5,0.06035767124354349
Letonia,LV,2014,1195.5,19950.5,0.059923310192727
Letonia,LV,2015,1329.3,20768.5,0.06400558538170788
Letonia,LV,2016,1387.5,21280.0,0.06520206766917293
Letonia,LV,2017,1434.8,22589.7,0.06351567307224089
Letonia,LV,2018,1488.5,24287.9,0.06128566076111973
Letonia,LV,2019,1635.1,25590.5,0.06389480471268634
Letonia,LV,2020,1694.0,25367.0,0.06677967438010013
Letonia,LV,2021,1649.4,28062.2,0.058776574894341856
Letonia,LV,2022,1853.4,31521.4,0.05879814982837057
Letonia,LV,2023,2032.8,34788.2,0.058433606797707274
Malta,MT,1995,147.1,2526.7,0.05821822931095896
Malta,MT,1996,157.3,2721.2,0.057805379979420854
Malta,MT,1997,174.6,2997.2,0.05825437074602963
Malta,MT,1998,194.0,3252.0,0.05965559655596556
Malta,MT,1999,210.3,3445.3,0.06103967724145938
Malta,MT,2000,230.0,3898.2,0.05900159047765636
Malta,MT,2001,233.1,4030.9,0.0578282765635466
Malta,MT,2002,235.0,4180.2,0.056217405865748055
Malta,MT,2003,230.3,4256.5,0.05410548572771056
Malta,MT,2004,228.9,4307.3,0.05314233974879855
Malta,MT,2005,223.1,4457.0,0.05005609154139556
Malta,MT,2006,224.9,4676.0,0.04809666381522669
Malta,MT,2007,230.4,5040.0,0.045714285714285714
Malta,MT,2008,232.5,5492.3,0.04233199206161353
Malta,MT,2009,244.2,5505.9,0.04435242194736556
Malta,MT,2010,262.1,6053.2,0.04329941188131898
Malta,MT,2011,295.3,6151.1,0.048007673424265575
Malta,MT,2012,304.2,6592.6,0.046142644783545184
Malta,MT,2013,345.4,7204.3,0.04794358924531182
Malta,MT,2014,346.7,7913.5,0.043811208694003914
Malta,MT,2015,426.1,9113.5,0.04675481428649805
Malta,MT,2016,432.6,9678.9,0.04469516164026904
Malta,MT,2017,467.0,11228.1,0.041592077021045414
Malta,MT,2018,510.6,12209.5,0.04181989434456776
Malta,MT,2019,549.0,13098.9,0.04191191626777821
Malta,MT,2020,494.8,13149.7,0.03762823486467372
Malta,MT,2021,544.6,15349.0,0.03548113883640628
Malta,MT,2022,647.0,16672.8,0.03880571949522576
Malta,MT,2023,806.5,19426.5,0.04151545569196716
Malta,MT,2024,859.9,21435.4,0.04011588307192774
Malta,MT,2025,935.6,22581.0,0.041433063194721224
Paisos Baixos,NL,1995,12866.9,314712.9,0.04088456494792555
Paisos Baixos,NL,1996,12962.3,321321.4,0.04034060601005721
Paisos Baixos,NL,1997,13311.1,332458.5,0.04003838073022648
Paisos Baixos,NL,1998,14930.9,353324.0,0.04225838041004857
Paisos Baixos,NL,1999,16084.0,376540.0,0.04271524937589632
Paisos Baixos,NL,2000,17262.0,405973.0,0.04252006906863264
Paisos Baixos,NL,2001,18667.0,430475.0,0.04336372611649922
Paisos Baixos,NL,2002,19694.0,449144.0,0.04384785280444579
Paisos Baixos,NL,2003,19637.0,459576.0,0.04272851497902414
Paisos Baixos,NL,2004,19229.0,473572.0,0.04060417423327393
Paisos Baixos,NL,2005,19267.0,492241.0,0.039141396186014574
Paisos Baixos,NL,2006,20399.0,522057.0,0.03907427732987011
Paisos Baixos,NL,2007,21352.0,554653.0,0.03849614083039306
Paisos Baixos,NL,2008,21456.0,580170.0,0.0369822638192254
Paisos Baixos,NL,2009,21493.0,564180.0,0.038095997731220535
Paisos Baixos,NL,2010,20832.0,575705.0,0.03618519901685759
Paisos Baixos,NL,2011,21265.0,589169.0,0.036093209248959125
Paisos Baixos,NL,2012,21516.0,593115.0,0.036276270200551325
Paisos Baixos,NL,2013,21782.0,598320.0,0.03640526808396845
Paisos Baixos,NL,2014,21800.0,609309.0,0.03577823403232186
Paisos Baixos,NL,2015,22661.0,627626.0,0.03610589746122691
Paisos Baixos,NL,2016,23848.0,644312.0,0.03701312407653435
Paisos Baixos,NL,2017,25296.0,671934.0,0.03764655457232407
Paisos Baixos,NL,2018,26487.0,703557.0,0.037647269517608384
Paisos Baixos,NL,2019,28277.0,739508.0,0.03823758498893859
Paisos Baixos,NL,2020,30077.0,726149.0,0.0414198738826329
Paisos Baixos,NL,2021,32386.0,791730.0,0.04090535915021535
Paisos Baixos,NL,2022,33160.0,888174.0,0.03733502669521963
Paisos Baixos,NL,2023,36347.0,944801.0,0.03847053506505603
Paisos Baixos,NL,2024,40577.0,1007338.0,0.040281414976899514
Polonia,PL,1995,8954.1,96414.8,0.09287059663039285
Polonia,PL,1996,10629.1,111508.3,0.09532115546555728
Polonia,PL,1997,10310.6,124533.7,0.08279365344481053
Polonia,PL,1998,10974.8,138034.7,0.07950754411752986
Polonia,PL,1999,11452.0,140983.6,0.08122930610368866
Polonia,PL,2000,14914.2,166535.6,0.08955562654471476
Polonia,PL,2001,17814.6,190238.8,0.09364335771672234
Polonia,PL,2002,17121.9,186424.0,0.09184386130541133
Polonia,PL,2003,14090.8,170307.8,0.08273725572169918
Polonia,PL,2004,15057.0,183256.6,0.08216348006019975
Polonia,PL,2005,17392.5,217058.4,0.08012820512820513
Polonia,PL,2006,19457.6,241593.2,0.08053869065851191
Polonia,PL,2007,20848.9,274429.8,0.07597170569668456
Polonia,PL,2008,22640.9,320720.1,0.07059395404279309
Polonia,PL,2009,21660.5,282249.3,0.07674244010525447
Polonia,PL,2010,23786.0,317377.5,0.07494545139463257
Polonia,PL,2011,24182.9,333465.5,0.07251994584147387
Polonia,PL,2012,24541.1,343268.1,0.07149251561680214
Polonia,PL,2013,26055.0,345870.2,0.07533172849236505
Polonia,PL,2014,27043.7,362168.6,0.0746715756142305
Polonia,PL,2015,28268.0,383948.8,0.07362439991998933
Polonia,PL,2016,26959.3,377878.6,0.07134381253661891
Polonia,PL,2017,30648.3,412150.8,0.07436185978530188
Polonia,PL,2018,32754.4,441983.8,0.07410769353989898
Polonia,PL,2019,34452.7,473955.7,0.07269181486792964
Polonia,PL,2020,34132.3,469239.0,0.07273969128738234
Polonia,PL,2021,33898.6,508282.2,0.06669247909920906
Polonia,PL,2022,39204.2,590308.8,0.06641303670214639
Polonia,PL,2023,43526.2,679422.1,0.0640635622538625
Portugal,PT,1995,4666.2,80203.8,0.05817928826314962
Portugal,PT,1996,4854.2,84875.3,0.057192139527047325
Portugal,PT,1997,5266.8,90904.8,0.05793753465163556
Portugal,PT,1998,5532.1,96769.0,0.05716810135477271
Portugal,PT,1999,5748.0,104186.7,0.055170189669122835
Portugal,PT,2000,6203.1,112482.8,0.05514709804521225
Portugal,PT,2001,6573.1,119059.0,0.05520876204234876
Portugal,PT,2002,6832.6,124675.0,0.0548032885502306
Portugal,PT,2003,6852.1,127682.6,0.05366510393741982
Portugal,PT,2004,7099.6,133071.7,0.05335168935243181
Portugal,PT,2005,7210.3,137401.0,0.052476328411001374
Portugal,PT,2006,7428.8,143475.0,0.05177766161352152
Portugal,PT,2007,7806.9,152061.8,0.05134031032119836
Portugal,PT,2008,8010.0,156036.8,0.05133404427673472
Portugal,PT,2009,8125.9,155410.3,0.05228675319460808
Portugal,PT,2010,8176.9,158032.3,0.05174195401826082
Portugal,PT,2011,8560.9,154178.0,0.05552608024491172
Portugal,PT,2012,8498.3,147300.5,0.05769362629454754
Portugal,PT,2013,8682.3,149851.5,0.0579393599663667
Portugal,PT,2014,8803.7,151138.9,0.05824906757955762
Portugal,PT,2015,9255.0,156080.7,0.05929624867136039
Portugal,PT,2016,9100.9,161745.0,0.05626696343009057
Portugal,PT,2017,9157.3,169071.4,0.05416232431978442
Portugal,PT,2018,9291.4,177157.3,0.05244717547625754
Portugal,PT,2019,10158.8,185473.9,0.05477212696772969
Portugal,PT,2020,9235.0,175104.3,0.052739995534090256
Portugal,PT,2021,9834.1,187361.5,0.05248730395518823
Portugal,PT,2022,10747.6,211027.9,0.05092975857694646
Portugal,PT,2023,11884.4,235589.3,0.050445414965790046
Romania,RO,1995,804.3,27109.7,0.029668347491857157
Romania,RO,1996,971.4,27634.4,0.03515183973598124
Romania,RO,1997,1083.5,29416.1,0.036833570731674155
Romania,RO,1998,1507.9,33424.6,0.04511347929369387
Romania,RO,1999,1362.3,30233.0,0.04506003373796844
Romania,RO,2000,1659.7,36656.5,0.045277099559423294
Romania,RO,2001,1590.9,40955.7,0.03884440993561336
Romania,RO,2002,1609.3,43982.8,0.03658930309120838
Romania,RO,2003,1818.9,45599.2,0.03988885769925789
Romania,RO,2004,2151.3,54181.4,0.039705507794187675
Romania,RO,2005,3029.2,70256.2,0.043116479399682876
Romania,RO,2006,3871.8,86573.0,0.04472295057350444
Romania,RO,2007,5475.3,113758.6,0.048130866589427085
Romania,RO,2008,4923.9,131496.4,0.037445131577746614
Romania,RO,2009,3696.3,113851.4,0.03246600393144046
Romania,RO,2010,3283.3,114808.6,0.028598031854756525
Romania,RO,2011,2396.6,122591.0,0.019549559103033663
Romania,RO,2012,5057.9,123151.9,0.041070417914786536
Romania,RO,2013,4148.2,125977.2,0.03292818065491216
Romania,RO,2014,5098.2,133119.6,0.03829789152010673
Romania,RO,2015,5160.4,140803.8,0.03664957905965606
Romania,RO,2016,7234.8,149958.4,0.04824538005206778
Romania,RO,2017,8863.9,168623.9,0.052566095316262995
Romania,RO,2018,10364.7,185103.4,0.055994109238404054
Romania,RO,2019,10756.7,202007.4,0.05324903939162625
Romania,RO,2020,12722.3,199201.9,0.06386635870440995
Romania,RO,2021,15334.9,217720.0,0.07043404372588646
Romania,RO,2022,17719.8,257784.6,0.06873878424079638
Romania,RO,2023,16615.0,293669.9,0.05657712962751715
Romania,RO,2024,18732.6,320451.1,0.05845696894159515
Suecia,SE,1993,5938.8,157439.7,0.03772110846247801
Suecia,SE,1994,6620.8,167539.6,0.03951782145832985
Suecia,SE,1995,7201.6,179364.3,0.04015068773440423
Suecia,SE,1996,7963.1,203143.3,0.039199422279740465
Suecia,SE,1997,8090.2,209410.8,0.03863315550105343
Suecia,SE,1998,8255.1,213466.5,0.038671641686166214
Suecia,SE,1999,8902.1,227645.3,0.03910513417145006
Suecia,SE,2000,9641.6,253550.9,0.03802628979033401
Suecia,SE,2001,9112.7,240467.0,0.03789584433622909
Suecia,SE,2002,9689.1,252113.4,0.03843151534190567
Suecia,SE,2003,10274.8,262619.3,0.03912431416883679
Suecia,SE,2004,10925.2,275203.8,0.039698579743448315
Suecia,SE,2005,11360.1,279117.3,0.040700092756701216
Suecia,SE,2006,12146.3,298661.9,0.04066906424957451
Suecia,SE,2007,12719.9,317465.0,0.04006709401036335
Suecia,SE,2008,12353.9,312144.9,0.039577452650996374
Suecia,SE,2009,11473.7,275978.1,0.04157467567172903
Suecia,SE,2010,13457.3,328308.3,0.04098982572173777
Suecia,SE,2011,14298.3,363283.5,0.039358517521439866
Suecia,SE,2012,14972.7,379375.0,0.03946675453047776
Suecia,SE,2013,15982.0,389842.6,0.040996032757836115
Suecia,SE,2014,15818.2,386743.3,0.04090103176965186
Suecia,SE,2015,15907.4,401567.2,0.03961329510975996
Suecia,SE,2016,16136.0,410330.5,0.03932439825945183
Suecia,SE,2017,16067.1,420027.7,0.0382524771580541
Suecia,SE,2018,15253.9,411827.2,0.03703956416671847
Suecia,SE,2019,15074.7,420490.7,0.03585025780593958
Suecia,SE,2020,15417.8,423900.4,0.03637127966852591
Suecia,SE,2021,17370.1,473274.1,0.03670198728390165
Suecia,SE,2022,15909.2,485266.9,0.032784432649331736
Suecia,SE,2023,15430.3,478096.0,0.03227448043907499
Eslovenia,SI,1995,758.3,14044.5,0.053992666168250915
Eslovenia,SI,1996,762.9,14557.8,0.05240489634422784
Eslovenia,SI,1997,906.8,15926.8,0.05693547982017731
Eslovenia,SI,1998,930.9,17078.8,0.05450617139377474
Eslovenia,SI,1999,885.7,18220.8,0.04860928170003513
Eslovenia,SI,2000,875.1,18955.4,0.04616626396699621
Eslovenia,SI,2001,944.4,20168.6,0.04682526303263489
Eslovenia,SI,2002,1050.6,21516.8,0.048826963117192146
Eslovenia,SI,2003,1098.5,22731.4,0.048325224139296304
Eslovenia,SI,2004,1095.0,24089.1,0.04545624369528127
Eslovenia,SI,2005,1214.3,25379.4,0.04784589076179893
Eslovenia,SI,2006,1306.0,27489.7,0.04750870325976638
Eslovenia,SI,2007,1411.7,30604.4,0.04612735423664571
Eslovenia,SI,2008,1568.9,33037.7,0.04748817260281437
Eslovenia,SI,2009,1569.6,31274.4,0.05018801319929399
Eslovenia,SI,2010,1625.5,31296.9,0.05193805137250015
Eslovenia,SI,2011,1615.5,31911.2,0.05062485898367971
Eslovenia,SI,2012,1555.2,31113.8,0.04998425136113236
Eslovenia,SI,2013,1608.5,30975.3,0.05192847204062592
Eslovenia,SI,2014,1610.2,32050.3,0.05023977934683919
Eslovenia,SI,2015,1684.2,33058.5,0.05094605018376514
Eslovenia,SI,2016,1725.8,34438.5,0.05011251941867387
Eslovenia,SI,2017,1844.2,36789.8,0.05012802461551843
Eslovenia,SI,2018,1971.0,39355.4,0.050082072599948166
Eslovenia,SI,2019,2073.7,41821.1,0.049585018088955095
Eslovenia,SI,2020,2006.3,41139.2,0.04876857109520846
Eslovenia,SI,2021,2260.9,45539.5,0.04964700973879819
Eslovenia,SI,2022,2282.8,49934.2,0.04571616246981028
Eslovenia,SI,2023,2580.1,56995.1,0.04526880380945029
Eslovenia,SI,2024,2690.3,59694.2,0.04506803005987182
Eslovaquia,SK,1995,347.3,13470.0,0.025783221974758724
Eslovaquia,SK,1996,579.6,15099.8,0.03838461436575319
Eslovaquia,SK,1997,581.2,17094.6,0.03399904063271443
Eslovaquia,SK,1998,773.7,17984.9,0.04301942184832832
Eslovaquia,SK,1999,577.9,17281.8,0.033439803724149106
Eslovaquia,SK,2000,766.0,19756.3,0.038772442208308236
Eslovaquia,SK,2001,857.4,21343.9,0.04017072793631904
Eslovaquia,SK,2002,1059.6,23517.1,0.045056575853315246
Eslovaquia,SK,2003,1302.3,26585.4,0.04898553341307635
Eslovaquia,SK,2004,1339.2,30660.8,0.043677920993581386
Eslovaquia,SK,2005,1774.3,34663.3,0.05118670178546185
Eslovaquia,SK,2006,2178.8,40821.2,0.05337422711728221
Eslovaquia,SK,2007,2426.9,50472.1,0.04808399095738042
Eslovaquia,SK,2008,2874.2,59534.7,0.048277727107048495
Eslovaquia,SK,2009,2332.3,57953.2,0.04024454214780202
Eslovaquia,SK,2010,3159.5,62293.1,0.05071990316744551
Eslovaquia,SK,2011,3554.3,64503.5,0.0551024363019061
Eslovaquia,SK,2012,4310.1,67018.9,0.06431170908504916
Eslovaquia,SK,2013,3230.2,67552.6,0.04781755254423959
Eslovaquia,SK,2014,2994.8,69149.6,0.043308999618219046
Eslovaquia,SK,2015,2998.0,72394.9,0.041411756905527876
Eslovaquia,SK,2016,3087.2,73592.1,0.04195015497587376
Eslovaquia,SK,2017,3341.1,76152.4,0.04387386346326577
Eslovaquia,SK,2018,3594.8,80918.5,0.04442494608773025
Eslovaquia,SK,2019,4109.4,84543.6,0.0486068726668843
Eslovaquia,SK,2020,4353.3,84655.0,0.051424015120193727
Eslovaquia,SK,2021,4189.6,91101.3,0.04598836679608304
Eslovaquia,SK,2022,5209.3,97975.3,0.053169523339045656
Eslovaquia,SK,2023,6348.9,112863.8,0.056252757748720135
Eslovaquia,SK,2024,6338.6,117813.4,0.053802029310757525
