num,nombre,nif,localitat,forma,cnae,subsector,any,ingresos,ebitda,ebit,resultado,totalactivo,deudasfin,empleados,gastospersonal,marge_ebitda,marge_ebit,ratio_personal,ingressos_per_empleat
1,MERCADONA SA,A46103834,ALBALAT DELS SORELLS,Sociedad anonima,4711,Alimentació,2024,34059430.0,2374073.0,1666830.0,1383911.0,14743817.0,,108742.0,4284025.0,6.970383826153285,4.893886949957765,12.578087771874044,313213.2018907138
1,MERCADONA SA,A46103834,ALBALAT DELS SORELLS,Sociedad anonima,4711,Alimentació,2023,31697060.0,1956941.0,1224812.0,1008930.0,13325054.0,,105286.0,3989605.0,6.173888051447043,3.864118628036796,12.586672076211485,301056.7406872709
1,MERCADONA SA,A46103834,ALBALAT DELS SORELLS,Sociedad anonima,4711,Alimentació,2022,27867697.0,1693552.0,973684.0,718151.0,12013923.0,,104542.0,3605065.0,6.077115019587015,3.493952155429277,12.93635781959306,266569.38837978995
1,MERCADONA SA,A46103834,ALBALAT DELS SORELLS,Sociedad anonima,4711,Alimentació,2021,25199278.0,1568399.0,900425.0,680307.0,11086271.0,,102871.0,3328407.0,6.223983877633319,3.573217454881049,13.208342715215887,244959.9790028288
1,MERCADONA SA,A46103834,ALBALAT DELS SORELLS,Sociedad anonima,4711,Alimentació,2020,24649629.0,1616007.0,1001088.0,727263.0,10483187.0,,98161.0,3227106.0,6.555908001698525,4.061270049946796,13.09190495321451,251114.2816393476
2,CENTROS COMERCIALES CARREFOUR SA,A28425270,ALCOBENDAS,Sociedad anonima,4711,Alimentació,2024,9452104.0,204651.0,99500.0,286848.0,3389765.0,77745.0,31922.0,880211.0,2.1651369896057004,1.0526756794042893,9.312328768282702,296099.9937347284
2,CENTROS COMERCIALES CARREFOUR SA,A28425270,ALCOBENDAS,Sociedad anonima,4711,Alimentació,2023,9562819.0,250695.0,143156.0,347865.0,3318726.0,151350.0,33826.0,849337.0,2.621559604965858,1.4970062698039144,8.881659268046379,282706.172766511
2,CENTROS COMERCIALES CARREFOUR SA,A28425270,ALCOBENDAS,Sociedad anonima,4711,Alimentació,2022,9258774.0,218263.0,105588.0,289865.0,3275914.0,101833.0,34346.0,797326.0,2.3573639447296157,1.140410166616012,8.611572115271416,269573.5747976475
2,CENTROS COMERCIALES CARREFOUR SA,A28425270,ALCOBENDAS,Sociedad anonima,4711,Alimentació,2021,8410186.0,367069.0,254590.0,382706.0,3235779.0,88617.0,35259.0,806027.0,4.364576479045767,3.027162538379056,9.58393785821146,238525.93664029043
2,CENTROS COMERCIALES CARREFOUR SA,A28425270,ALCOBENDAS,Sociedad anonima,4711,Alimentació,2020,8491008.0,296156.0,177276.0,311327.0,2759039.0,84122.0,35275.0,821865.0,3.4878779998794016,2.0878086559334297,9.6792394966534,240708.94401133948
3,LIDL SUPERMERCADOS SAU,A60195278,MONTCADA I REIXAC,Sociedad anonima,4711,Alimentació,2024,,,,,,,,,,,,
3,LIDL SUPERMERCADOS SAU,A60195278,MONTCADA I REIXAC,Sociedad anonima,4711,Alimentació,2023,6617967.0,451299.0,267800.0,182803.0,3779513.0,303133.0,15069.0,519790.0,6.819299642926596,4.0465599178720595,7.854224718860037,439177.5831176588
3,LIDL SUPERMERCADOS SAU,A60195278,MONTCADA I REIXAC,Sociedad anonima,4711,Alimentació,2022,6130754.0,438332.0,251249.0,192804.0,4031063.0,598860.0,14525.0,488440.0,7.149724161171693,4.098174547535263,7.967046141469712,422082.8915662651
3,LIDL SUPERMERCADOS SAU,A60195278,MONTCADA I REIXAC,Sociedad anonima,4711,Alimentació,2021,5211011.0,419702.0,245630.0,192016.0,3450099.0,170248.0,13808.0,438296.0,8.054137671173597,4.7136726443294785,8.410959025033723,377390.7155272306
3,LIDL SUPERMERCADOS SAU,A60195278,MONTCADA I REIXAC,Sociedad anonima,4711,Alimentació,2020,4877728.0,353690.0,200712.0,150836.0,3126186.0,275123.0,13012.0,412411.0,7.251121833771788,4.114866593627197,8.454981499583413,374863.81801414076
4,ALCAMPO SA,A28581882,MADRID,Sociedad anonima,4711,Alimentació,2024,4764087.0,142863.0,8897.0,-10463.0,1541554.0,4503.0,19878.0,552249.0,2.998748763404195,0.1867514174279353,11.591916772300758,239666.31451856325
4,ALCAMPO SA,A28581882,MADRID,Sociedad anonima,4711,Alimentació,2023,4937839.0,233024.0,112050.0,70341.0,1616281.0,1460.0,18838.0,527014.0,4.719149409286127,2.269211288581908,10.672968478721156,262121.19120925787
4,ALCAMPO SA,A28581882,MADRID,Sociedad anonima,4711,Alimentació,2022,4579699.0,250126.0,155185.0,113351.0,1492601.0,1382.0,16455.0,451137.0,5.461625316423634,3.3885414740139037,9.850800238181593,278316.56031601335
4,ALCAMPO SA,A28581882,MADRID,Sociedad anonima,4711,Alimentació,2021,4150196.0,250129.0,158201.0,120301.0,1338575.0,7825.0,15834.0,442889.0,6.026920174372488,3.8118922576186764,10.671520092063123,262106.6060376405
4,ALCAMPO SA,A28581882,MADRID,Sociedad anonima,4711,Alimentació,2020,3349271.0,197043.0,141764.0,112066.0,1135841.0,9449.0,14658.0,363150.0,5.883160843061072,4.232682276232649,10.842657999307908,228494.40578523674
5,DIA RETAIL ESPAÑA SA,A80782519,LAS ROZAS DE MADRID,Sociedad anonima,4711,Alimentació,2024,4369981.0,242849.0,129122.0,86426.0,1219632.0,11292.0,12938.0,424803.0,5.557209516471582,2.954749688843041,9.720934713446121,337763.25552635646
5,DIA RETAIL ESPAÑA SA,A80782519,LAS ROZAS DE MADRID,Sociedad anonima,4711,Alimentació,2023,4276410.0,165889.0,68779.0,33647.0,1275159.0,32365.0,13513.0,440923.0,3.879165000549526,1.6083350286805989,10.3105876190543,316466.36572189745
5,DIA RETAIL ESPAÑA SA,A80782519,LAS ROZAS DE MADRID,Sociedad anonima,4711,Alimentació,2022,4097814.0,68714.0,-14226.0,-148463.0,1243317.0,35469.0,14397.0,436323.0,1.676845264328737,-0.3471607056835669,10.64770143300794,284629.71452385915
5,DIA RETAIL ESPAÑA SA,A80782519,LAS ROZAS DE MADRID,Sociedad anonima,4711,Alimentació,2021,3855224.0,22283.0,-56713.0,-342429.0,1321740.0,10858.0,14712.0,434193.0,0.5779949491910198,-1.4710688665561327,11.262458420055488,262046.2207721588
5,DIA RETAIL ESPAÑA SA,A80782519,LAS ROZAS DE MADRID,Sociedad anonima,4711,Alimentació,2020,3871844.0,38014.0,-45181.0,-40427.0,1719837.0,9265.0,15791.0,473657.0,0.981806085162522,-1.166911683425262,12.233369939491363,245193.08466848204
6,CONSUM S COOP V,F46078986,SILLA,Cooperativa,4711,Alimentació,2024,4369435.0,234955.0,112867.0,108667.0,1545815.0,9.0,22466.0,684742.0,5.37723984908804,2.5831028496819384,15.671179454551904,194491.00863527108
6,CONSUM S COOP V,F46078986,SILLA,Cooperativa,4711,Alimentació,2023,4079992.0,222251.0,106299.0,101138.0,1422911.0,6828.0,21324.0,600759.0,5.447339112429632,2.605372755632854,14.72451416571405,191333.33333333334
6,CONSUM S COOP V,F46078986,SILLA,Cooperativa,4711,Alimentació,2022,3562360.0,168210.0,60120.0,57737.0,1324856.0,9873.0,19469.0,544558.0,4.7218697717243625,1.6876452688667065,15.286439326738455,182976.01314910885
6,CONSUM S COOP V,F46078986,SILLA,Cooperativa,4711,Alimentació,2021,3121444.0,172798.0,70565.0,67909.0,1200953.0,9070.0,18664.0,471759.0,5.53583533774753,2.2606524416263754,15.113485937918474,167244.10630090014
6,CONSUM S COOP V,F46078986,SILLA,Cooperativa,4711,Alimentació,2020,3090362.0,177562.0,69887.0,65542.0,1167608.0,15560.0,17494.0,450436.0,5.745669924753152,2.2614502766989757,14.575509276906718,176652.6809191723
7,LEROY MERLIN ESPAÑA SL,B84818442,ALCOBENDAS,Sociedad limitada,4752,Bricolatge i ferreteria,2024,3624061.0,159980.0,120770.0,117482.0,1439135.0,,15459.0,555413.0,4.414384857208529,3.3324494262099895,15.325707817831985,234430.4935636199
7,LEROY MERLIN ESPAÑA SL,B84818442,ALCOBENDAS,Sociedad limitada,4752,Bricolatge i ferreteria,2023,3440472.0,132957.0,94878.0,90421.0,1372395.0,,16150.0,505859.0,3.8644988245798833,2.757703012842424,14.703186074468851,213032.32198142415
7,LEROY MERLIN ESPAÑA SL,B84818442,ALCOBENDAS,Sociedad limitada,4752,Bricolatge i ferreteria,2022,3346982.0,169738.0,129823.0,99256.0,1427760.0,,15050.0,480022.0,5.0713747489529375,3.8788078334451757,14.341935510857242,222390.83056478406
7,LEROY MERLIN ESPAÑA SL,B84818442,ALCOBENDAS,Sociedad limitada,4752,Bricolatge i ferreteria,2021,2921226.0,150731.0,112914.0,88225.0,1475632.0,,13512.0,476343.0,5.159854116045797,3.8652949138478156,16.306270038675542,216194.93783303731
7,LEROY MERLIN ESPAÑA SL,B84818442,ALCOBENDAS,Sociedad limitada,4752,Bricolatge i ferreteria,2020,2354002.0,122584.0,73193.0,59639.0,1320799.0,,10588.0,401979.0,5.207472211153601,3.1093006717921226,17.07640860118216,222327.3517189271
8,MANGO MNG S.A.,A59088948,PALAU-SOLITA I PLEGAMANS,Sociedad anonima,4771,Moda i tèxtil,2024,2682678.0,344227.0,288148.0,224527.0,2652602.0,60792.0,6759.0,281394.0,12.831469151348019,10.74105800248856,10.489294652582233,396904.5716822015
8,MANGO MNG S.A.,A59088948,PALAU-SOLITA I PLEGAMANS,Sociedad anonima,4771,Moda i tèxtil,2023,2506872.0,227612.0,183538.0,128653.0,2433644.0,108614.0,6310.0,358482.0,9.079522209350936,7.321394949562642,14.299972236316814,397285.57844690967
8,MANGO MNG S.A.,A59088948,PALAU-SOLITA I PLEGAMANS,Sociedad anonima,4771,Moda i tèxtil,2022,2215952.0,189835.0,146073.0,110493.0,2203910.0,114670.0,5129.0,226023.0,8.566746933146566,6.591884661761627,10.199814797432435,432043.67323064926
8,MANGO MNG S.A.,A59088948,PALAU-SOLITA I PLEGAMANS,Sociedad anonima,4771,Moda i tèxtil,2021,1888617.0,155563.0,105384.0,91562.0,2376500.0,196933.0,4503.0,190865.0,8.236873860608053,5.579956126625992,10.106072326999069,419413.0579613591
8,MANGO MNG S.A.,A59088948,PALAU-SOLITA I PLEGAMANS,Sociedad anonima,4771,Moda i tèxtil,2020,1555796.0,21530.0,-38967.0,-240022.0,2285037.0,156365.0,4573.0,176361.0,1.3838575237370452,-2.5046342836721527,11.335740675512728,340213.42663459433
9,BON PREU SAU,A08665838,LES MASIES DE VOLTREGA,Sociedad anonima,4711,Alimentació,2024,2637597.0,119887.0,56479.0,47873.0,693107.0,45460.0,9698.0,291266.0,4.545311508922705,2.1413051349391132,11.04285453767198,271973.2934625696
9,BON PREU SAU,A08665838,LES MASIES DE VOLTREGA,Sociedad anonima,4711,Alimentació,2023,2461916.0,93467.0,38790.0,39467.0,641185.0,45205.0,9303.0,253861.0,3.7965145845755908,1.575602092029135,10.311521595375309,264636.7838331721
9,BON PREU SAU,A08665838,LES MASIES DE VOLTREGA,Sociedad anonima,4711,Alimentació,2022,2256782.0,76276.0,24362.0,20367.0,642918.0,45359.0,8401.0,220853.0,3.3798568049550197,1.0795016975498741,9.786191134101566,268632.5437447923
9,BON PREU SAU,A08665838,LES MASIES DE VOLTREGA,Sociedad anonima,4711,Alimentació,2021,1951398.0,86066.0,34649.0,33723.0,589827.0,45368.0,8159.0,209854.0,4.410479051428771,1.775598827097291,10.754033774760453,239171.22196347592
9,BON PREU SAU,A08665838,LES MASIES DE VOLTREGA,Sociedad anonima,4711,Alimentació,2020,1788199.0,121680.0,71874.0,60580.0,614057.0,41332.0,7861.0,204941.0,6.804611790969574,4.019351313807915,11.460749055334446,227477.2929652716
10,MEDIA MARKT SATURN SAU,A82037292,EL PRAT DE LLOBREGAT,Sociedad anonima,4754,Electrodomèstics,2024,2549428.0,53053.0,32202.0,50254.0,978812.0,,5975.0,177130.0,2.080976595534371,1.2631068616175865,6.947833004109157,426682.51046025107
10,MEDIA MARKT SATURN SAU,A82037292,EL PRAT DE LLOBREGAT,Sociedad anonima,4754,Electrodomèstics,2023,2336566.0,26514.0,4879.0,9655.0,854013.0,,5481.0,165409.0,1.1347421814748653,0.2088107076795605,7.079149486896583,426302.8644407955
10,MEDIA MARKT SATURN SAU,A82037292,EL PRAT DE LLOBREGAT,Sociedad anonima,4754,Electrodomèstics,2022,40659.0,19671.0,19671.0,19499.0,127830.0,,11.0,604.0,48.380432376595586,48.380432376595586,1.4855259598120956,3696272.727272727
10,MEDIA MARKT SATURN SAU,A82037292,EL PRAT DE LLOBREGAT,Sociedad anonima,4754,Electrodomèstics,2021,514.0,-108.0,-108.0,-5679.0,109045.0,,6.0,573.0,-21.011673151750973,-21.011673151750973,111.47859922178989,85666.66666666667
10,MEDIA MARKT SATURN SAU,A82037292,EL PRAT DE LLOBREGAT,Sociedad anonima,4754,Electrodomèstics,2020,62826.0,62161.0,62161.0,62367.0,118023.0,,10.0,561.0,98.94152102632668,98.94152102632668,0.8929424123770414,6282600.0
11,"AHORRAMAS, SA",A28600278,VELILLA DE SAN ANTONIO,Sociedad anonima,4711,Alimentació,2024,2284342.0,221540.0,159473.0,126536.0,1360167.0,,12216.0,357295.0,9.698197555357298,6.981135048955016,15.641046743438592,186995.90700720367
11,"AHORRAMAS, SA",A28600278,VELILLA DE SAN ANTONIO,Sociedad anonima,4711,Alimentació,2023,2135487.0,205723.0,147635.0,114312.0,1348835.0,892.0,11563.0,328139.0,9.633540265054293,6.913411320228126,15.36600316461772,184682.78128513362
11,"AHORRAMAS, SA",A28600278,VELILLA DE SAN ANTONIO,Sociedad anonima,4711,Alimentació,2022,1908516.0,164808.0,110396.0,83934.0,1263761.0,2158.0,10696.0,293589.0,8.635400489175883,5.784389546642522,15.38310394044378,178432.68511593118
11,"AHORRAMAS, SA",A28600278,VELILLA DE SAN ANTONIO,Sociedad anonima,4711,Alimentació,2021,1755610.0,166241.0,116257.0,88550.0,1200429.0,548.0,11747.0,285161.0,9.469130387728482,6.6220288104989145,16.242844367484807,149451.7749212565
11,"AHORRAMAS, SA",A28600278,VELILLA DE SAN ANTONIO,Sociedad anonima,4711,Alimentació,2020,1805559.0,183065.0,136053.0,102402.0,1159631.0,519.0,10426.0,279880.0,10.138965273358554,7.535228702025246,15.501016582676058,173178.4960675235
12,"EROSKI, S.COOP.",F20033361,ELORRIO,Cooperativa,4711,Alimentació,2024,,,,,,,,,,,,
12,"EROSKI, S.COOP.",F20033361,ELORRIO,Cooperativa,4711,Alimentació,2023,2210298.0,109356.0,72149.0,78532.0,2063683.0,51171.0,9996.0,275497.0,4.947568155968109,3.2642204806772663,12.464246902453878,221118.24729891957
12,"EROSKI, S.COOP.",F20033361,ELORRIO,Cooperativa,4711,Alimentació,2022,2087878.0,101677.0,64570.0,32065.0,1911360.0,15932.0,10330.0,271053.0,4.86987266497372,3.0926136488817835,12.982224057152763,202117.90900290417
12,"EROSKI, S.COOP.",F20033361,ELORRIO,Cooperativa,4711,Alimentació,2021,2054805.0,114088.0,76931.0,58684.0,1919836.0,15767.0,11143.0,265761.0,5.552254350169481,3.7439562391565135,12.933636038456203,184403.21277932334
12,"EROSKI, S.COOP.",F20033361,ELORRIO,Cooperativa,4711,Alimentació,2020,2226376.0,153968.0,116804.0,-442206.0,2414946.0,227156.0,3753.0,276737.0,6.915633298238932,5.246373478693625,12.429930973025222,593225.6861177725
13,MOEVE RETAIL OPERATIONS S.A.U.,A28354520,MADRID,Sociedad anonima,4730,Combustible,2024,2048842.0,-29223.0,-31953.0,-31289.0,212178.0,9.0,3917.0,119388.0,-1.4263178907890408,-1.5595638902365336,5.827096476936728,523064.0796527955
13,MOEVE RETAIL OPERATIONS S.A.U.,A28354520,MADRID,Sociedad anonima,4730,Combustible,2023,2121102.0,-26841.0,-29675.0,-27597.0,232189.0,170.0,3691.0,104587.0,-1.2654271223166071,-1.399036915716453,4.93078597823207,574668.6534814413
13,MOEVE RETAIL OPERATIONS S.A.U.,A28354520,MADRID,Sociedad anonima,4730,Combustible,2022,2227619.0,-5538.0,-8046.0,-4843.0,261913.0,264.0,3367.0,93516.0,-0.2486062472981241,-0.36119282516444684,4.198024886661498,661603.5046035046
13,MOEVE RETAIL OPERATIONS S.A.U.,A28354520,MADRID,Sociedad anonima,4730,Combustible,2021,1748538.0,1377.0,-2403.0,-1760.0,184051.0,212.0,3166.0,83648.0,0.07875150554348832,-0.13742909790922475,4.783882306246704,552286.1655085281
13,MOEVE RETAIL OPERATIONS S.A.U.,A28354520,MADRID,Sociedad anonima,4730,Combustible,2020,1484312.0,-20222.0,-24271.0,-18529.0,165506.0,110.0,3177.0,80953.0,-1.3623820328879643,-1.6351683473555427,5.453907264779911,467205.5398174378
14,IKEA IBERICA SAU,A28812618,SAN SEBASTIAN DE LOS REYES,Sociedad anonima,4759,Mobles i llar,2024,1957597.0,170061.0,116887.0,134013.0,1103998.0,,9560.0,259216.0,8.68723235681297,5.970942946888456,13.241540521363692,204769.56066945606
14,IKEA IBERICA SAU,A28812618,SAN SEBASTIAN DE LOS REYES,Sociedad anonima,4759,Mobles i llar,2023,1978493.0,187488.0,142644.0,148283.0,1218204.0,,9443.0,253996.0,9.476303428922922,7.209729829723936,12.837851839758846,209519.53828232552
14,IKEA IBERICA SAU,A28812618,SAN SEBASTIAN DE LOS REYES,Sociedad anonima,4759,Mobles i llar,2022,1844662.0,173678.0,131605.0,88517.0,1141614.0,,9325.0,258710.0,9.415166572521144,7.134369331617391,14.02479153362513,197818.98123324398
14,IKEA IBERICA SAU,A28812618,SAN SEBASTIAN DE LOS REYES,Sociedad anonima,4759,Mobles i llar,2021,1705536.0,137046.0,93325.0,84149.0,1150551.0,,9148.0,222922.0,8.035362490149724,5.471886843784007,13.070495140530603,186438.1285526891
14,IKEA IBERICA SAU,A28812618,SAN SEBASTIAN DE LOS REYES,Sociedad anonima,4759,Mobles i llar,2020,1474520.0,102634.0,59252.0,71348.0,1024150.0,,8942.0,190741.0,6.960502400781271,4.01839242600982,12.935802837533569,164898.23305748156
15,BRICOLAJE BRICOMAN SLU,B84406289,LEGANES,Sociedad limitada,4752,Bricolatge i ferreteria,2024,1977234.0,172405.0,160287.0,141312.0,917999.0,,6175.0,190059.0,8.719504115344971,8.106627743605461,9.612367580165019,320199.83805668016
15,BRICOLAJE BRICOMAN SLU,B84406289,LEGANES,Sociedad limitada,4752,Bricolatge i ferreteria,2023,1743101.0,152239.0,142081.0,122409.0,839326.0,,5592.0,162447.0,8.733802573689074,8.151048045982419,9.319425552506711,311713.34048640914
15,BRICOLAJE BRICOMAN SLU,B84406289,LEGANES,Sociedad limitada,4752,Bricolatge i ferreteria,2022,1553358.0,144434.0,135572.0,107589.0,758639.0,,4835.0,147939.0,9.29817852677876,8.727672564856267,9.523818720475253,321273.6297828335
15,BRICOLAJE BRICOMAN SLU,B84406289,LEGANES,Sociedad limitada,4752,Bricolatge i ferreteria,2021,1300910.0,116909.0,108321.0,86706.0,729854.0,,3979.0,131696.0,8.986709303487558,8.326556026166298,10.123375175838452,326943.95576778083
15,BRICOLAJE BRICOMAN SLU,B84406289,LEGANES,Sociedad limitada,4752,Bricolatge i ferreteria,2020,964360.0,82889.0,75200.0,58241.0,611324.0,,3454.0,98208.0,8.595234144925131,7.797917790036915,10.183748807499274,279200.92646207294
16,DECATHLON ESPAÑA SAU,A79935607,SAN SEBASTIAN DE LOS REYES,Sociedad anonima,4764,Esports,2024,1900409.0,113993.0,89771.0,71444.0,595988.0,1527.0,10850.0,269423.0,5.998340357259938,4.723772619472967,14.177106086110939,175152.90322580645
16,DECATHLON ESPAÑA SAU,A79935607,SAN SEBASTIAN DE LOS REYES,Sociedad anonima,4764,Esports,2023,1920259.0,184387.0,161504.0,123827.0,724612.0,1510.0,11216.0,277584.0,9.602194287333116,8.410532120927437,14.455550006535578,171207.11483594865
16,DECATHLON ESPAÑA SAU,A79935607,SAN SEBASTIAN DE LOS REYES,Sociedad anonima,4764,Esports,2022,1899580.0,157705.0,133920.0,100031.0,772079.0,3089.0,11891.0,273222.0,8.30209835858453,7.0499794691458115,14.383284726097347,159749.39029518122
16,DECATHLON ESPAÑA SAU,A79935607,SAN SEBASTIAN DE LOS REYES,Sociedad anonima,4764,Esports,2021,1829253.0,152477.0,129726.0,96673.0,867722.0,3054.0,11910.0,276149.0,8.335479017937923,7.091747287007319,15.096271538163391,153589.67254408062
16,DECATHLON ESPAÑA SAU,A79935607,SAN SEBASTIAN DE LOS REYES,Sociedad anonima,4764,Esports,2020,1554987.0,140779.0,116686.0,86411.0,750681.0,53000.0,11066.0,217778.0,9.05338758459074,7.50398556386645,14.005133161884956,140519.33851436834
17,PRIMARK TIENDAS SLU,B83875427,MADRID,Sociedad limitada,4771,Moda i tèxtil,2024,1855181.0,76057.0,42887.0,40277.0,1287578.0,,7058.0,209584.0,4.09970779131524,2.3117420887773217,11.297226523988764,262847.9739302919
17,PRIMARK TIENDAS SLU,B83875427,MADRID,Sociedad limitada,4771,Moda i tèxtil,2023,1789194.0,77031.0,47246.0,38583.0,1148836.0,,6560.0,183699.0,4.305346429733165,2.6406303620512923,10.267137046066553,272742.98780487804
17,PRIMARK TIENDAS SLU,B83875427,MADRID,Sociedad limitada,4771,Moda i tèxtil,2022,1502162.0,130476.0,96550.0,71459.0,1104186.0,,6189.0,159925.0,8.685880750544882,6.427402636999205,10.646321768224732,242714.8166101147
17,PRIMARK TIENDAS SLU,B83875427,MADRID,Sociedad limitada,4771,Moda i tèxtil,2021,1127656.0,126605.0,94053.0,70000.0,898458.0,,5319.0,132786.0,11.227271437388707,8.340575494654399,11.77539958994587,212005.26414739614
17,PRIMARK TIENDAS SLU,B83875427,MADRID,Sociedad limitada,4771,Moda i tèxtil,2020,1158766.0,97853.0,66129.0,48135.0,777829.0,,5719.0,125501.0,8.444586741412847,5.7068467663013935,10.830573213228554,202616.89106487148
18,BERSHKA BSK ESPAÑA SA,A78276854,ARTEIXO,Sociedad anonima,4771,Moda i tèxtil,2024,1753969.0,162984.0,144937.0,120297.0,611613.0,,3134.0,133758.0,9.292296500109181,8.263372955850418,7.626018475811145,559658.2641991066
18,BERSHKA BSK ESPAÑA SA,A78276854,ARTEIXO,Sociedad anonima,4771,Moda i tèxtil,2023,1590132.0,115908.0,96652.0,105214.0,501978.0,,3064.0,128186.0,7.289206179109659,6.078237529966065,8.061343335018728,518972.5848563969
18,BERSHKA BSK ESPAÑA SA,A78276854,ARTEIXO,Sociedad anonima,4771,Moda i tèxtil,2022,1559976.0,139612.0,122217.0,100374.0,543827.0,,3108.0,107181.0,8.94962486602358,7.834543608363205,6.870682625886553,501922.77992277994
18,BERSHKA BSK ESPAÑA SA,A78276854,ARTEIXO,Sociedad anonima,4771,Moda i tèxtil,2021,1366000.0,89176.0,71290.0,58200.0,571667.0,,3291.0,106877.0,6.528257686676428,5.218887262079063,7.824084919472914,415071.4068672136
18,BERSHKA BSK ESPAÑA SA,A78276854,ARTEIXO,Sociedad anonima,4771,Moda i tèxtil,2020,1133094.0,92464.0,75243.0,45732.0,443765.0,,3118.0,88510.0,8.160311501075816,6.640490550651579,7.8113554568288235,363404.10519563826
19,STRADIVARIUS ESPAÑA SA,A60348240,ARTEIXO,Sociedad anonima,4771,Moda i tèxtil,2024,1733531.0,226808.0,209035.0,157861.0,541395.0,,4422.0,168975.0,13.083584891184524,12.058336424326994,9.747446108549545,392024.19719583896
19,STRADIVARIUS ESPAÑA SA,A60348240,ARTEIXO,Sociedad anonima,4771,Moda i tèxtil,2023,1530826.0,202491.0,181718.0,141610.0,523362.0,,4208.0,154923.0,13.227564726494062,11.870584899916777,10.120222677169059,363789.4486692015
19,STRADIVARIUS ESPAÑA SA,A60348240,ARTEIXO,Sociedad anonima,4771,Moda i tèxtil,2022,1420913.0,169287.0,149763.0,105826.0,488143.0,,3994.0,119958.0,11.913959545728698,10.539913421863268,8.442318424843744,355761.8928392589
19,STRADIVARIUS ESPAÑA SA,A60348240,ARTEIXO,Sociedad anonima,4771,Moda i tèxtil,2021,1267002.0,154883.0,134267.0,94101.0,476654.0,,3973.0,110925.0,12.2243690223062,10.597220841008934,8.754919092471836,318903.0958973068
19,STRADIVARIUS ESPAÑA SA,A60348240,ARTEIXO,Sociedad anonima,4771,Moda i tèxtil,2020,904023.0,103184.0,81935.0,63823.0,477035.0,,3669.0,89948.0,11.413868894928559,9.063375599957082,9.9497468537858,246394.9304987735
20,DINOSOL SUPERMERCADOS SL,B61742565,LAS PALMAS DE GRAN CANARIA,Sociedad limitada,4711,Alimentació,2024,1705935.0,133818.0,91765.0,78780.0,809169.0,66811.0,9848.0,215220.0,7.844261358140843,5.379161574151419,12.615955473098332,173226.54346060113
20,DINOSOL SUPERMERCADOS SL,B61742565,LAS PALMAS DE GRAN CANARIA,Sociedad limitada,4711,Alimentació,2023,1630382.0,120324.0,82997.0,71085.0,916518.0,82322.0,9708.0,195975.0,7.380110918790811,5.090647467894027,12.02018913358955,167942.10960032963
20,DINOSOL SUPERMERCADOS SL,B61742565,LAS PALMAS DE GRAN CANARIA,Sociedad limitada,4711,Alimentació,2022,1466073.0,91764.0,55024.0,41322.0,882308.0,72931.0,9133.0,173021.0,6.259169904909237,3.7531555386396174,11.801663355098961,160524.80017518887
20,DINOSOL SUPERMERCADOS SL,B61742565,LAS PALMAS DE GRAN CANARIA,Sociedad limitada,4711,Alimentació,2021,1226918.0,67207.0,32288.0,21741.0,778136.0,61185.0,8176.0,153823.0,5.477709186759017,2.631634713974365,12.537349684330982,150063.35616438356
20,DINOSOL SUPERMERCADOS SL,B61742565,LAS PALMAS DE GRAN CANARIA,Sociedad limitada,4711,Alimentació,2020,1186970.0,52853.0,19594.0,10152.0,680308.0,59008.0,7804.0,154433.0,4.452766287269266,1.6507578119076303,13.010691087390583,152097.6422347514
21,VEGO SUPERMERCADOS SA,A36651313,A CORUÑA,Sociedad anonima,4711,Alimentació,2024,1516764.0,77078.0,55994.0,43494.0,306987.0,,6533.0,178469.0,5.0817398092254304,3.6916751716153597,11.766431692735322,232169.6004898209
21,VEGO SUPERMERCADOS SA,A36651313,A CORUÑA,Sociedad anonima,4711,Alimentació,2023,1447086.0,74559.0,54394.0,41538.0,284424.0,,6189.0,163507.0,5.152354455782172,3.758864366043207,11.299052025933497,233815.80222976248
21,VEGO SUPERMERCADOS SA,A36651313,A CORUÑA,Sociedad anonima,4711,Alimentació,2022,1252557.0,53512.0,34607.0,25792.0,270399.0,,5776.0,142854.0,4.27222074524353,2.7629081949963155,11.404989952553057,216855.43628808865
21,VEGO SUPERMERCADOS SA,A36651313,A CORUÑA,Sociedad anonima,4711,Alimentació,2021,1119375.0,52984.0,35145.0,27136.0,244430.0,,5488.0,130260.0,4.733355667225013,3.139698492462312,11.636850921273032,203967.7478134111
21,VEGO SUPERMERCADOS SA,A36651313,A CORUÑA,Sociedad anonima,4711,Alimentació,2020,1095272.0,62815.0,45840.0,34677.0,241227.0,,5287.0,128813.0,5.735105069790883,4.185261743201689,11.760822882352512,207163.2305655381
22,PLENERGY GRUPO SLU.,B93275394,MADRID,Sociedad limitada,4730,Combustible,2024,1500486.0,67328.0,58144.0,36381.0,270875.0,3183.0,845.0,22146.0,4.487079519568993,3.8750111630498387,1.475921801336367,1775723.076923077
22,PLENERGY GRUPO SLU.,B93275394,MADRID,Sociedad limitada,4730,Combustible,2023,1150372.0,46985.0,40847.0,27074.0,192640.0,14335.0,607.0,16055.0,4.08433098163029,3.550764448369745,1.3956354987777868,1895176.276771005
22,PLENERGY GRUPO SLU.,B93275394,MADRID,Sociedad limitada,4730,Combustible,2022,966423.0,34606.0,30937.0,21224.0,157263.0,8286.0,393.0,11145.0,3.5808336515169863,3.2011862300462637,1.1532217258902158,2459091.603053435
22,PLENERGY GRUPO SLU.,B93275394,MADRID,Sociedad limitada,4730,Combustible,2021,325752.0,12318.0,10265.0,6750.0,94581.0,8172.0,325.0,6337.0,3.7814042584542844,3.15117021537857,1.9453449249735997,1002313.8461538461
22,PLENERGY GRUPO SLU.,B93275394,MADRID,Sociedad limitada,4730,Combustible,2020,123957.0,4978.0,3733.0,2245.0,59470.0,6249.0,130.0,3389.0,4.015908742547819,3.011528191227603,2.7340126011439447,953515.3846153846
23,TENDAM RETAIL SA.,A08099459,MADRID,Sociedad anonima,4771,Moda i tèxtil,2024,,,,,,,,,,,,
23,TENDAM RETAIL SA.,A08099459,MADRID,Sociedad anonima,4771,Moda i tèxtil,2023,1034163.0,136374.0,74146.0,85930.0,519321.0,483.0,7160.0,193341.0,13.186896069575106,7.169662809441064,18.695408750844887,144436.17318435755
23,TENDAM RETAIL SA.,A08099459,MADRID,Sociedad anonima,4771,Moda i tèxtil,2022,979285.0,119716.0,57840.0,54966.0,585901.0,198.0,5440.0,178441.0,12.224837508998911,5.906350041101415,18.221559607264485,180015.625
23,TENDAM RETAIL SA.,A08099459,MADRID,Sociedad anonima,4771,Moda i tèxtil,2021,894238.0,108345.0,46695.0,24242.0,705410.0,376.0,6476.0,167750.0,12.115902030555624,5.221764228315058,18.758988099365045,138084.92896849907
23,TENDAM RETAIL SA.,A08099459,MADRID,Sociedad anonima,4771,Moda i tèxtil,2020,624066.0,-46774.0,-109576.0,-124592.0,789229.0,600.0,6469.0,159015.0,-7.495040588655686,-17.558399271871885,25.480478026362597,96470.24269593446
24,MARKOIL SA,A79209854,MADRID,Sociedad anonima,4730,Combustible,2024,984941.0,94109.0,94109.0,72643.0,231004.0,,1412.0,39838.0,9.55478551507146,9.55478551507146,4.0447092770023785,697550.283286119
24,MARKOIL SA,A79209854,MADRID,Sociedad anonima,4730,Combustible,2023,938630.0,93552.0,93552.0,73431.0,163660.0,,1390.0,38988.0,9.96686660345397,9.96686660345397,4.153713390792965,675273.381294964
24,MARKOIL SA,A79209854,MADRID,Sociedad anonima,4730,Combustible,2022,751166.0,66801.0,66801.0,50362.0,183026.0,,1376.0,42029.0,8.89297438914967,8.89297438914967,5.595168045412066,545905.523255814
24,MARKOIL SA,A79209854,MADRID,Sociedad anonima,4730,Combustible,2021,573213.0,52961.0,52961.0,39589.0,121466.0,,1452.0,34971.0,9.239322904400284,9.239322904400284,6.100873497286349,394774.79338842974
24,MARKOIL SA,A79209854,MADRID,Sociedad anonima,4730,Combustible,2020,374203.0,36097.0,36097.0,27381.0,73093.0,,1340.0,28186.0,9.64636841500469,9.64636841500469,7.532275262357597,279255.9701492537
25,ALIMERKA S.A.,A33093097,LLANERA,Sociedad anonima,4711,Alimentació,2024,848684.0,44862.0,23800.0,20394.0,407000.0,19194.0,6149.0,135959.0,5.286066427551362,2.804341780921992,16.01997916774677,138019.8406244918
25,ALIMERKA S.A.,A33093097,LLANERA,Sociedad anonima,4711,Alimentació,2023,792174.0,44103.0,24856.0,19566.0,397716.0,17139.0,6029.0,124954.0,5.567337478887214,3.137694496411142,15.77355479982933,131393.929341516
25,ALIMERKA S.A.,A33093097,LLANERA,Sociedad anonima,4711,Alimentació,2022,720186.0,11942.0,-6470.0,-4766.0,381378.0,17095.0,6228.0,125434.0,1.6581827472347421,-0.8983790298617301,17.416889525761402,115636.80154142583
25,ALIMERKA S.A.,A33093097,LLANERA,Sociedad anonima,4711,Alimentació,2021,691210.0,27576.0,10579.0,8000.0,346128.0,9327.0,6727.0,127270.0,3.9895256145021047,1.5305044776551264,18.41263870603724,102751.59803775829
25,ALIMERKA S.A.,A33093097,LLANERA,Sociedad anonima,4711,Alimentació,2020,716288.0,25878.0,9290.0,7931.0,334361.0,4917.0,6887.0,133802.0,3.6127926197283777,1.2969643495353824,18.67991645818442,104005.80804414113
26,MEDIA MARKT ONLINE S.A.U. (EXTINGUIDA),A64421738,EL PRAT DE LLOBREGAT,Sociedad anonima,4754,Electrodomèstics,2024,,,,,,,,,,,,
26,MEDIA MARKT ONLINE S.A.U. (EXTINGUIDA),A64421738,EL PRAT DE LLOBREGAT,Sociedad anonima,4754,Electrodomèstics,2023,,,,,,,,,,,,
26,MEDIA MARKT ONLINE S.A.U. (EXTINGUIDA),A64421738,EL PRAT DE LLOBREGAT,Sociedad anonima,4754,Electrodomèstics,2022,838147.0,580.0,162.0,-206.0,213264.0,,27.0,2164.0,0.06920027155141042,0.019328351709187053,0.2581885993745727,31042481.48148148
26,MEDIA MARKT ONLINE S.A.U. (EXTINGUIDA),A64421738,EL PRAT DE LLOBREGAT,Sociedad anonima,4754,Electrodomèstics,2021,709090.0,248.0,-133.0,-331.0,155366.0,,31.0,2108.0,0.034974403813338224,-0.018756434303120902,0.2972824324133749,22873870.967741936
26,MEDIA MARKT ONLINE S.A.U. (EXTINGUIDA),A64421738,EL PRAT DE LLOBREGAT,Sociedad anonima,4754,Electrodomèstics,2020,373504.0,-103.0,-580.0,-489.0,133059.0,,37.0,2417.0,-0.027576679232350926,-0.15528615490061687,0.6471148903358465,10094702.702702703
27,CAPRABO SA,A08115032,EL PRAT DE LLOBREGAT,Sociedad anonima,4729,Alim. especialitzada,2024,762825.0,11228.0,-21310.0,-22341.0,252504.0,,4559.0,118048.0,1.4718972241339758,-2.7935633992068953,15.475108969947234,167322.87782408422
27,CAPRABO SA,A08115032,EL PRAT DE LLOBREGAT,Sociedad anonima,4729,Alim. especialitzada,2023,750925.0,9635.0,-23249.0,-11702.0,269816.0,,4912.0,117944.0,1.2830841961580717,-3.0960482072111066,15.706495322435662,152875.61074918567
27,CAPRABO SA,A08115032,EL PRAT DE LLOBREGAT,Sociedad anonima,4729,Alim. especialitzada,2022,711472.0,-4598.0,-37705.0,-30971.0,260502.0,,5158.0,118752.0,-0.6462657701216633,-5.299576090134257,16.691029302628916,137935.63396665375
27,CAPRABO SA,A08115032,EL PRAT DE LLOBREGAT,Sociedad anonima,4729,Alim. especialitzada,2021,686948.0,-32370.0,-67372.0,-59416.0,260471.0,319.0,5472.0,124597.0,-4.712147062077479,-9.807438117586775,18.137762974781207,125538.74269005848
27,CAPRABO SA,A08115032,EL PRAT DE LLOBREGAT,Sociedad anonima,4729,Alim. especialitzada,2020,838209.0,26426.0,-9891.0,-26610.0,364154.0,825.0,5738.0,134911.0,3.152674333012411,-1.180015962605985,16.095150493492675,146080.3415824329
28,SPRINTER MEGACENTROS DEL DEPORTE SL,B53404646,ALACANT/ALICANTE,Sociedad limitada,4764,Esports,2024,681871.0,62158.0,44485.0,33879.0,387170.0,15996.0,8181.0,125802.0,9.115800495988244,6.523961277133066,18.449530776349192,83348.12370125901
28,SPRINTER MEGACENTROS DEL DEPORTE SL,B53404646,ALACANT/ALICANTE,Sociedad limitada,4764,Esports,2023,696689.0,25595.0,10016.0,-13409.0,392416.0,25515.0,4896.0,122487.0,3.673805672258353,1.4376572617050074,17.581302417578,142297.58986928104
28,SPRINTER MEGACENTROS DEL DEPORTE SL,B53404646,ALACANT/ALICANTE,Sociedad limitada,4764,Esports,2022,616180.0,66401.0,53179.0,37961.0,391694.0,29522.0,4445.0,102938.0,10.776234217274174,8.63043266577948,16.705832711220747,138623.17210348707
28,SPRINTER MEGACENTROS DEL DEPORTE SL,B53404646,ALACANT/ALICANTE,Sociedad limitada,4764,Esports,2021,536114.0,55731.0,41796.0,34115.0,335546.0,37758.0,4105.0,93162.0,10.395363672651712,7.7961030676311385,17.37727423644971,130600.24360535931
28,SPRINTER MEGACENTROS DEL DEPORTE SL,B53404646,ALACANT/ALICANTE,Sociedad limitada,4764,Esports,2020,413659.0,38351.0,25361.0,18301.0,286875.0,33898.0,3132.0,70689.0,9.271162962730171,6.130895254303666,17.08871316712558,132075.0319284802
29,DISTRIBUCION SUPERMERCADOS SL,B20099586,IRUN,Sociedad limitada,4711,Alimentació,2024,680638.0,42968.0,26081.0,16609.0,200698.0,,2940.0,99559.0,6.3129005433137735,3.83184600330866,14.62730555743288,231509.52380952382
29,DISTRIBUCION SUPERMERCADOS SL,B20099586,IRUN,Sociedad limitada,4711,Alimentació,2023,616971.0,36326.0,20784.0,12955.0,190112.0,,2945.0,92256.0,5.887796995320688,3.3687158715725696,14.953052898758612,209497.79286926994
29,DISTRIBUCION SUPERMERCADOS SL,B20099586,IRUN,Sociedad limitada,4711,Alimentació,2022,564988.0,40553.0,26442.0,20304.0,183293.0,,2738.0,84474.0,7.177674570079365,4.680099400341247,14.95146799578044,206350.62089116144
29,DISTRIBUCION SUPERMERCADOS SL,B20099586,IRUN,Sociedad limitada,4711,Alimentació,2021,541108.0,33182.0,20024.0,16331.0,198889.0,,2617.0,80231.0,6.132232382444909,3.7005551571959754,14.827169437524487,206766.5265571265
29,DISTRIBUCION SUPERMERCADOS SL,B20099586,IRUN,Sociedad limitada,4711,Alimentació,2020,541972.0,39708.0,28299.0,23146.0,174194.0,,2474.0,78973.0,7.326577756784483,5.221487456916594,14.571416973570592,219067.09781729992
30,CASA AMETLLER SL,B62591359,OLERDOLA,Sociedad limitada,4711,Alimentació,2024,603423.0,41249.0,28727.0,23773.0,203051.0,8059.0,3024.0,89386.0,6.835834895255899,4.760673689932269,14.813157602544152,199544.64285714287
30,CASA AMETLLER SL,B62591359,OLERDOLA,Sociedad limitada,4711,Alimentació,2023,491070.0,25720.0,14941.0,12300.0,164182.0,7082.0,2762.0,75859.0,5.237542509214572,3.042539760115666,15.447695847842466,177795.07603186098
30,CASA AMETLLER SL,B62591359,OLERDOLA,Sociedad limitada,4711,Alimentació,2022,402144.0,18519.0,10082.0,9756.0,143346.0,5128.0,2496.0,66217.0,4.605066841728337,2.5070621468926557,16.465992281371847,161115.38461538462
30,CASA AMETLLER SL,B62591359,OLERDOLA,Sociedad limitada,4711,Alimentació,2021,350163.0,22758.0,15488.0,12285.0,120012.0,3200.0,2431.0,56083.0,6.4992589165617165,4.42308296421952,16.016255286823565,144040.72398190046
30,CASA AMETLLER SL,B62591359,OLERDOLA,Sociedad limitada,4711,Alimentació,2020,,,,,,,,,,,,
31,SUPERMERCADOS CHAMPION SA,A28090108,ALCOBENDAS,Sociedad anonima,4711,Alimentació,2024,596832.0,53293.0,42954.0,35651.0,296293.0,4.0,3173.0,82791.0,8.929313441638518,7.197000160849284,13.87174280199453,188097.06901985503
31,SUPERMERCADOS CHAMPION SA,A28090108,ALCOBENDAS,Sociedad anonima,4711,Alimentació,2023,605585.0,40500.0,28946.0,24449.0,279507.0,2.0,3027.0,77644.0,6.687748210408118,4.779840980209219,12.821321532072293,200061.11661711265
31,SUPERMERCADOS CHAMPION SA,A28090108,ALCOBENDAS,Sociedad anonima,4711,Alimentació,2022,551035.0,25604.0,12864.0,9611.0,263333.0,136.0,3206.0,74482.0,4.646528804885352,2.3345159563367117,13.516745760251164,171876.16968184654
31,SUPERMERCADOS CHAMPION SA,A28090108,ALCOBENDAS,Sociedad anonima,4711,Alimentació,2021,510747.0,31592.0,17921.0,12440.0,256944.0,987.0,3261.0,75065.0,6.1854499390108995,3.5087822346484656,14.697100521393175,156622.8150873965
31,SUPERMERCADOS CHAMPION SA,A28090108,ALCOBENDAS,Sociedad anonima,4711,Alimentació,2020,511451.0,41701.0,27218.0,20761.0,263450.0,182.0,3147.0,71827.0,8.153469247298373,5.321721924485435,14.043769588875572,162520.17794725136
32,APPLE RETAIL SPAIN SL,B65130643,MADRID,Sociedad limitada,4741,Informàtica/electrònica,2024,580092.0,26174.0,18580.0,15725.0,179503.0,,1072.0,68434.0,4.512042917330354,3.202940223274929,11.797094254014882,541130.5970149253
32,APPLE RETAIL SPAIN SL,B65130643,MADRID,Sociedad limitada,4741,Informàtica/electrònica,2023,540616.0,24954.0,17330.0,12250.0,180633.0,,1358.0,66934.0,4.615845627950338,3.2056024978912947,12.38106160380011,398097.20176730485
32,APPLE RETAIL SPAIN SL,B65130643,MADRID,Sociedad limitada,4741,Informàtica/electrònica,2022,555948.0,28115.0,17813.0,13104.0,162149.0,,1375.0,65051.0,5.057127645031549,3.204076640261319,11.700914474015555,404325.8181818182
32,APPLE RETAIL SPAIN SL,B65130643,MADRID,Sociedad limitada,4741,Informàtica/electrònica,2021,351534.0,24178.0,11446.0,8106.0,143843.0,,1403.0,61551.0,6.8778553425842155,3.2560150653990796,17.509259417296764,250558.80256593015
32,APPLE RETAIL SPAIN SL,B65130643,MADRID,Sociedad limitada,4741,Informàtica/electrònica,2020,372610.0,24941.0,12020.0,7754.0,125912.0,,1379.0,59268.0,6.693593838061243,3.2258930248785593,15.906175357612518,270203.0456852792
33,PC COMPONENTES Y MULTIMEDIA SLU,B73347494,ALHAMA DE MURCIA,Sociedad limitada,4741,Informàtica/electrònica,2024,561840.0,14812.0,10266.0,10419.0,215163.0,3689.0,564.0,19814.0,2.636337747401395,1.827210593763349,3.5266267976648153,996170.2127659575
33,PC COMPONENTES Y MULTIMEDIA SLU,B73347494,ALHAMA DE MURCIA,Sociedad limitada,4741,Informàtica/electrònica,2023,536970.0,15418.0,11043.0,8946.0,180909.0,3676.0,599.0,19792.0,2.871296348026892,2.0565394714788536,3.685866994431719,896444.0734557596
33,PC COMPONENTES Y MULTIMEDIA SLU,B73347494,ALHAMA DE MURCIA,Sociedad limitada,4741,Informàtica/electrònica,2022,519874.0,10418.0,7480.0,5590.0,145716.0,1594.0,614.0,19384.0,2.0039471102613327,1.4388101732342837,3.728595775130128,846700.325732899
33,PC COMPONENTES Y MULTIMEDIA SLU,B73347494,ALHAMA DE MURCIA,Sociedad limitada,4741,Informàtica/electrònica,2021,565235.0,30880.0,28721.0,22440.0,140760.0,,652.0,18344.0,5.463214415243217,5.081249391845869,3.245375817138005,866924.8466257668
33,PC COMPONENTES Y MULTIMEDIA SLU,B73347494,ALHAMA DE MURCIA,Sociedad limitada,4741,Informàtica/electrònica,2020,648047.0,42302.0,40754.0,31346.0,113955.0,,569.0,15844.0,6.527612966343491,6.288741403015521,2.4448843988167526,1138922.6713532512
34,ALDI MASQUEFA SUPERMERCADOS SL,B63667109,MASQUEFA,Sociedad limitada,4711,Alimentació,2024,529633.0,2715.0,-8757.0,-7871.0,138111.0,,1505.0,41234.0,0.5126191155007336,-1.6534090587255703,7.785391016043184,351915.6146179402
34,ALDI MASQUEFA SUPERMERCADOS SL,B63667109,MASQUEFA,Sociedad limitada,4711,Alimentació,2023,677396.0,-9449.0,-23727.0,-21082.0,174329.0,,2041.0,56561.0,-1.3949004718067421,-3.502677901847664,8.349768820601243,331894.16952474276
34,ALDI MASQUEFA SUPERMERCADOS SL,B63667109,MASQUEFA,Sociedad limitada,4711,Alimentació,2022,540669.0,9304.0,-1289.0,-1013.0,172997.0,,1619.0,43966.0,1.720831044502274,-0.2384083422574625,8.131777483081146,333952.4397776405
34,ALDI MASQUEFA SUPERMERCADOS SL,B63667109,MASQUEFA,Sociedad limitada,4711,Alimentació,2021,460390.0,13959.0,5266.0,4254.0,117683.0,,1514.0,39344.0,3.0319946132626683,1.1438128543191641,8.545798127674363,304088.5072655218
34,ALDI MASQUEFA SUPERMERCADOS SL,B63667109,MASQUEFA,Sociedad limitada,4711,Alimentació,2020,424958.0,15926.0,8653.0,7413.0,100042.0,,1251.0,34078.0,3.7476644750775367,2.036201224591607,8.019145421429883,339694.64428457234
35,FAMILYCASH SL,B98565906,L'OLLERIA,Sociedad limitada,4711,Alimentació,2024,,,,,,,,,,,,
35,FAMILYCASH SL,B98565906,L'OLLERIA,Sociedad limitada,4711,Alimentació,2023,,,,,,,,,,,,
35,FAMILYCASH SL,B98565906,L'OLLERIA,Sociedad limitada,4711,Alimentació,2022,527046.0,16432.0,8684.0,5941.0,205631.0,11071.0,2734.0,54738.0,3.1177544275072764,1.647674017068719,10.385810726198471,192774.68910021946
35,FAMILYCASH SL,B98565906,L'OLLERIA,Sociedad limitada,4711,Alimentació,2021,424858.0,18152.0,12597.0,7952.0,180234.0,16861.0,1284.0,47176.0,4.2724863366112915,2.9649906557014343,11.103945318200434,330886.29283489095
35,FAMILYCASH SL,B98565906,L'OLLERIA,Sociedad limitada,4711,Alimentació,2020,291811.0,10462.0,7009.0,5128.0,140498.0,11668.0,654.0,32425.0,3.58519726809476,2.4018971183402957,11.111644180651174,446194.1896024465
36,HENNES AND MAURITZ SLU,B82356981,BARCELONA,Sociedad limitada,4771,Moda i tèxtil,2024,518150.0,33551.0,18180.0,15489.0,239761.0,,2956.0,129624.0,6.475151983016501,3.5086364952233913,25.01669400752678,175287.550744249
36,HENNES AND MAURITZ SLU,B82356981,BARCELONA,Sociedad limitada,4771,Moda i tèxtil,2023,518505.0,27150.0,11538.0,9441.0,226485.0,,3179.0,116900.0,5.2362079439928255,2.225243729568664,22.545587795681815,163103.17709971688
36,HENNES AND MAURITZ SLU,B82356981,BARCELONA,Sociedad limitada,4771,Moda i tèxtil,2022,442419.0,27130.0,10693.0,7800.0,228629.0,,3451.0,116010.0,6.132195949993107,2.4169395979829074,26.22174906593071,128200.23181686467
36,HENNES AND MAURITZ SLU,B82356981,BARCELONA,Sociedad limitada,4771,Moda i tèxtil,2021,428876.0,9945.0,-9587.0,-7643.0,212251.0,,3620.0,132462.0,2.3188520691295387,-2.2353780579934526,30.88585045560955,118474.03314917127
36,HENNES AND MAURITZ SLU,B82356981,BARCELONA,Sociedad limitada,4771,Moda i tèxtil,2020,410505.0,28297.0,5566.0,3836.0,273687.0,,4986.0,106475.0,6.893216891389874,1.3558909148487837,25.937564706885425,82331.52827918172
37,JD SPAIN SPORTS FASHION 2010 SL.,B54577275,ALACANT/ALICANTE,Sociedad limitada,4764,Esports,2024,445119.0,24600.0,17587.0,13371.0,134921.0,16860.0,2869.0,62389.0,5.526611984660282,3.951078250984568,14.01625183377928,155147.7866852562
37,JD SPAIN SPORTS FASHION 2010 SL.,B54577275,ALACANT/ALICANTE,Sociedad limitada,4764,Esports,2023,386663.0,22055.0,16104.0,12899.0,155873.0,25.0,2477.0,52365.0,5.7039333993684425,4.164867080636109,13.542800836904487,156101.33225676222
37,JD SPAIN SPORTS FASHION 2010 SL.,B54577275,ALACANT/ALICANTE,Sociedad limitada,4764,Esports,2022,320325.0,26169.0,20774.0,16294.0,145452.0,1662.0,2075.0,39809.0,8.169515335986887,6.485288378990088,12.427690626707252,154373.4939759036
37,JD SPAIN SPORTS FASHION 2010 SL.,B54577275,ALACANT/ALICANTE,Sociedad limitada,4764,Esports,2021,246025.0,15333.0,10710.0,8192.0,107572.0,6042.0,1726.0,32048.0,6.232293466111168,4.353216136571487,13.026318463570774,142540.55619930476
37,JD SPAIN SPORTS FASHION 2010 SL.,B54577275,ALACANT/ALICANTE,Sociedad limitada,4764,Esports,2020,154013.0,12198.0,8228.0,6221.0,98413.0,4275.0,1043.0,20864.0,7.920110640010908,5.342406160518917,13.546908377864206,147663.47075743048
38,JOYERIA TOUS SA,A25039199,MANRESA,Sociedad anonima,4777,Joieria,2024,424049.0,74652.0,57455.0,46098.0,385573.0,,1716.0,55173.0,17.60456928326679,13.549141726545752,13.010996370702443,247114.80186480188
38,JOYERIA TOUS SA,A25039199,MANRESA,Sociedad anonima,4777,Joieria,2023,336157.0,27867.0,11222.0,12849.0,360917.0,,1799.0,61867.0,8.289876456536678,3.338321082113417,18.40419803841657,186857.69872151196
38,JOYERIA TOUS SA,A25039199,MANRESA,Sociedad anonima,4777,Joieria,2022,382577.0,58197.0,44590.0,38040.0,348005.0,1.0,1716.0,56862.0,15.21183970808491,11.655170070338782,14.862890346257092,222946.9696969697
38,JOYERIA TOUS SA,A25039199,MANRESA,Sociedad anonima,4777,Joieria,2021,316193.0,35132.0,22746.0,19656.0,301384.0,,1677.0,55479.0,11.110935409702302,7.193707640586604,17.545929226769726,188546.8097793679
38,JOYERIA TOUS SA,A25039199,MANRESA,Sociedad anonima,4777,Joieria,2020,229045.0,-8751.0,-20714.0,-23055.0,189571.0,1625.0,1017.0,35872.0,-3.8206465978301205,-9.043637713113144,15.66155122355869,225216.32251720747
39,EURO DEPOT ESPAÑA S.A.U.,A62018064,EL PRAT DE LLOBREGAT,Sociedad anonima,4719,No especialitzat,2024,411660.0,3023.0,-2517.0,-3016.0,233481.0,,1758.0,60637.0,0.7343438760141864,-0.6114269056988777,14.729874168002722,234163.82252559726
39,EURO DEPOT ESPAÑA S.A.U.,A62018064,EL PRAT DE LLOBREGAT,Sociedad anonima,4719,No especialitzat,2023,388025.0,-4700.0,-10316.0,-19099.0,232892.0,,1919.0,56068.0,-1.2112621609432381,-2.6585915855937117,14.449584433992655,202201.66753517458
39,EURO DEPOT ESPAÑA S.A.U.,A62018064,EL PRAT DE LLOBREGAT,Sociedad anonima,4719,No especialitzat,2022,394902.0,-2386.0,-8015.0,-8227.0,249780.0,,2091.0,58036.0,-0.6042005358291423,-2.029617474715246,14.696304399572552,188857.96269727402
39,EURO DEPOT ESPAÑA S.A.U.,A62018064,EL PRAT DE LLOBREGAT,Sociedad anonima,4719,No especialitzat,2021,391207.0,11501.0,5609.0,4410.0,255482.0,,2114.0,59881.0,2.939875820217941,1.4337678006784131,15.306730196545562,185055.34531693472
39,EURO DEPOT ESPAÑA S.A.U.,A62018064,EL PRAT DE LLOBREGAT,Sociedad anonima,4719,No especialitzat,2020,319150.0,-1698.0,-7914.0,-7634.0,232927.0,,1513.0,51255.0,-0.5320382265392448,-2.4797117342942188,16.059846467178442,210938.53271645738
40,FRAGADIS SL,B43396985,LA CANONJA,Sociedad limitada,4711,Alimentació,2024,390591.0,27359.0,17952.0,15025.0,153538.0,5366.0,2118.0,50618.0,7.004513672870087,4.596112045592449,12.95933598060375,184415.01416430596
40,FRAGADIS SL,B43396985,LA CANONJA,Sociedad limitada,4711,Alimentació,2023,375567.0,28429.0,19009.0,16771.0,116882.0,1708.0,2327.0,49566.0,7.5696213991112105,5.061413808987478,13.197645160517299,161395.35883111303
40,FRAGADIS SL,B43396985,LA CANONJA,Sociedad limitada,4711,Alimentació,2022,350660.0,16961.0,7474.0,4471.0,131084.0,7950.0,2138.0,48446.0,4.836879028118405,2.131409342382935,13.815661894712827,164013.09635173058
40,FRAGADIS SL,B43396985,LA CANONJA,Sociedad limitada,4711,Alimentació,2021,317942.0,14525.0,5481.0,5996.0,132886.0,8413.0,2200.0,50464.0,4.568443300979424,1.723899327550308,15.872077297117086,144519.0909090909
40,FRAGADIS SL,B43396985,LA CANONJA,Sociedad limitada,4711,Alimentació,2020,321821.0,21021.0,12341.0,8087.0,128527.0,6785.0,2129.0,48168.0,6.53189195235861,3.8347404302391705,14.967326557309809,151160.63879755753
41,FRANCHISING CALZEDONIA ESPAÑA SA,A60181294,L'HOSPITALET DE LLOBREGAT,Sociedad anonima,4771,Moda i tèxtil,2024,356321.0,20334.0,7377.0,4991.0,179226.0,78.0,2495.0,60894.0,5.7066521479228,2.0703242301183487,17.089646694974476,142814.02805611223
41,FRANCHISING CALZEDONIA ESPAÑA SA,A60181294,L'HOSPITALET DE LLOBREGAT,Sociedad anonima,4771,Moda i tèxtil,2023,340130.0,18866.0,6642.0,4735.0,179792.0,104.0,2413.0,57356.0,5.546702731308617,1.95278275953312,16.86296416076206,140957.31454620804
41,FRANCHISING CALZEDONIA ESPAÑA SA,A60181294,L'HOSPITALET DE LLOBREGAT,Sociedad anonima,4771,Moda i tèxtil,2022,297519.0,21031.0,9852.0,7240.0,173210.0,80.0,2211.0,50616.0,7.068792245201147,3.3113851552337836,17.012694987547015,134563.0936227951
41,FRANCHISING CALZEDONIA ESPAÑA SA,A60181294,L'HOSPITALET DE LLOBREGAT,Sociedad anonima,4771,Moda i tèxtil,2021,263012.0,22468.0,11504.0,9316.0,160157.0,34.0,1555.0,42782.0,8.542576004136693,4.3739449150609095,16.26617796906605,169139.5498392283
41,FRANCHISING CALZEDONIA ESPAÑA SA,A60181294,L'HOSPITALET DE LLOBREGAT,Sociedad anonima,4771,Moda i tèxtil,2020,202220.0,10864.0,-163.0,-151.0,136189.0,25.0,1884.0,35450.0,5.372366729304718,-0.08060528137671844,17.530412422114527,107335.45647558387
42,PRIMAPRIX SL.,B86977014,MADRID,Sociedad limitada,4711,Alimentació,2024,349153.0,24298.0,18709.0,13399.0,156025.0,59018.0,1880.0,44000.0,6.9591268011444845,5.358395889481116,12.60192523048635,185719.68085106384
42,PRIMAPRIX SL.,B86977014,MADRID,Sociedad limitada,4711,Alimentació,2023,279838.0,37594.0,32847.0,26077.0,144382.0,52666.0,1479.0,34680.0,13.43420121641807,11.737862620516156,12.392884454577292,189207.57268424612
42,PRIMAPRIX SL.,B86977014,MADRID,Sociedad limitada,4711,Alimentació,2022,195704.0,8384.0,4667.0,2907.0,85541.0,30640.0,1237.0,26720.0,4.284020766054859,2.384723868699669,13.653272288762622,158208.5691188359
42,PRIMAPRIX SL.,B86977014,MADRID,Sociedad limitada,4711,Alimentació,2021,138498.0,6306.0,3693.0,2377.0,73785.0,29797.0,1049.0,20450.0,4.553134341290127,2.666464497682277,14.765556181316697,132028.5986653956
42,PRIMAPRIX SL.,B86977014,MADRID,Sociedad limitada,4711,Alimentació,2020,91669.0,2341.0,423.0,-235.0,55733.0,23637.0,724.0,14433.0,2.553753177191853,0.4614427996378274,15.744690135160196,126614.6408839779
43,SEPHORA COSMETICOS ESPAÑA SL,B84227461,MADRID,Sociedad limitada,4775,Cosmètica i perfumeria,2024,328622.0,37572.0,33286.0,23917.0,112291.0,4410.0,998.0,32643.0,11.4331968036224,10.12896275964482,9.933297222949165,329280.5611222445
43,SEPHORA COSMETICOS ESPAÑA SL,B84227461,MADRID,Sociedad limitada,4775,Cosmètica i perfumeria,2023,252556.0,22963.0,18507.0,16592.0,92208.0,6277.0,850.0,27275.0,9.092240928744516,7.327879757360743,10.799585042525223,297124.70588235295
43,SEPHORA COSMETICOS ESPAÑA SL,B84227461,MADRID,Sociedad limitada,4775,Cosmètica i perfumeria,2022,176526.0,6815.0,1680.0,190.0,80249.0,26134.0,1094.0,22658.0,3.8606210983084646,0.9517011658339282,12.83550298539592,161358.31809872028
43,SEPHORA COSMETICOS ESPAÑA SL,B84227461,MADRID,Sociedad limitada,4775,Cosmètica i perfumeria,2021,120637.0,-3770.0,-9732.0,-10551.0,64622.0,16107.0,675.0,18886.0,-3.1250777124762714,-8.067176736822036,15.655230153269725,178721.4814814815
43,SEPHORA COSMETICOS ESPAÑA SL,B84227461,MADRID,Sociedad limitada,4775,Cosmètica i perfumeria,2020,109627.0,-8392.0,-14387.0,-13639.0,65628.0,12201.0,561.0,18017.0,-7.6550484825818454,-13.123591815884772,16.434819889260858,195413.54723707665
44,GRANDES ALMACENES FNAC ESPAÑA SA,A80500200,POZUELO DE ALARCON,Sociedad anonima,4761,Llibres i cultura,2024,316547.0,-3855.0,-9825.0,-11992.0,130229.0,,1436.0,38235.0,-1.2178286320830713,-3.1038044903284505,12.078775031827817,220436.6295264624
44,GRANDES ALMACENES FNAC ESPAÑA SA,A80500200,POZUELO DE ALARCON,Sociedad anonima,4761,Llibres i cultura,2023,311377.0,-3799.0,-10011.0,-13369.0,122919.0,,1871.0,40998.0,-1.220064423512334,-3.215073688808101,13.166675766032816,166422.76857295563
44,GRANDES ALMACENES FNAC ESPAÑA SA,A80500200,POZUELO DE ALARCON,Sociedad anonima,4761,Llibres i cultura,2022,353823.0,2379.0,-3915.0,-8235.0,133840.0,,1797.0,43772.0,0.6723700833467582,-1.106485446112887,12.371157330077468,196896.4941569282
44,GRANDES ALMACENES FNAC ESPAÑA SA,A80500200,POZUELO DE ALARCON,Sociedad anonima,4761,Llibres i cultura,2021,368757.0,1660.0,-4478.0,-4715.0,143186.0,,1901.0,43308.0,0.4501609460972944,-1.2143498292913761,11.74431942986845,193980.53655970542
44,GRANDES ALMACENES FNAC ESPAÑA SA,A80500200,POZUELO DE ALARCON,Sociedad anonima,4761,Llibres i cultura,2020,345763.0,2295.0,-3602.0,-3924.0,146992.0,,1455.0,37033.0,0.663749446875461,-1.0417540338324227,10.710515584374267,237637.80068728523
45,HIJOS DE LUIS RODRIGUEZ SA,A33026105,LLANERA,Sociedad anonima,4711,Alimentació,2024,313381.0,16465.0,11674.0,9624.0,103092.0,823.0,1738.0,41328.0,5.2539879571512,3.725177978243735,13.187781007782858,180311.27733026468
45,HIJOS DE LUIS RODRIGUEZ SA,A33026105,LLANERA,Sociedad anonima,4711,Alimentació,2023,296770.0,13654.0,9010.0,7104.0,92506.0,,1739.0,38630.0,4.600869360110523,3.036021161168582,13.016814368029115,170655.54916618747
45,HIJOS DE LUIS RODRIGUEZ SA,A33026105,LLANERA,Sociedad anonima,4711,Alimentació,2022,269703.0,12807.0,8545.0,6734.0,90160.0,271.0,1706.0,38030.0,4.748556745753662,3.1682999447540445,14.10069595073099,158090.85580304806
45,HIJOS DE LUIS RODRIGUEZ SA,A33026105,LLANERA,Sociedad anonima,4711,Alimentació,2021,252809.0,13370.0,9363.0,7372.0,78765.0,127.0,1787.0,35535.0,5.288577542729887,3.703586502062822,14.056066041952619,141471.1807498601
45,HIJOS DE LUIS RODRIGUEZ SA,A33026105,LLANERA,Sociedad anonima,4711,Alimentació,2020,250394.0,12592.0,8688.0,6642.0,72120.0,654.0,1667.0,35620.0,5.028874493797774,3.4697317028363295,14.225580485155396,150206.35872825436
46,ALDI SAN ISIDRO SUPERMERCADOS S.L.U.,B53948204,SAN ISIDRO,Sociedad limitada,4711,Alimentació,2024,309142.0,9494.0,2977.0,3431.0,75116.0,,984.0,23937.0,3.0710806037355,0.9629878825911717,7.743043649843761,314168.69918699184
46,ALDI SAN ISIDRO SUPERMERCADOS S.L.U.,B53948204,SAN ISIDRO,Sociedad limitada,4711,Alimentació,2023,418253.0,215.0,-9244.0,-9263.0,105724.0,,1380.0,34317.0,0.05140429357350694,-2.2101455339232476,8.204842523544361,303081.884057971
46,ALDI SAN ISIDRO SUPERMERCADOS S.L.U.,B53948204,SAN ISIDRO,Sociedad limitada,4711,Alimentació,2022,369900.0,8514.0,440.0,246.0,111394.0,,1337.0,29508.0,2.3017031630170317,0.11895106785617733,7.9772911597729115,276664.17352281226
46,ALDI SAN ISIDRO SUPERMERCADOS S.L.U.,B53948204,SAN ISIDRO,Sociedad limitada,4711,Alimentació,2021,315231.0,8430.0,1633.0,1226.0,88352.0,,1154.0,26360.0,2.674229374649067,0.5180328076870612,8.362121745640499,273163.7781629116
46,ALDI SAN ISIDRO SUPERMERCADOS S.L.U.,B53948204,SAN ISIDRO,Sociedad limitada,4711,Alimentació,2020,289535.0,5778.0,185.0,617.0,73816.0,,1008.0,24481.0,1.995613656380058,0.06389555666845113,8.455281744866769,287237.1031746032
48,GAME STORES IBERIA SL,B81209751,POZUELO DE ALARCON,Sociedad limitada,4741,Informàtica/electrònica,2024,348393.0,7996.0,7334.0,5371.0,63576.0,,1074.0,33953.0,2.2951092587968183,2.1050939599819745,9.74560338468339,324388.2681564246
48,GAME STORES IBERIA SL,B81209751,POZUELO DE ALARCON,Sociedad limitada,4741,Informàtica/electrònica,2023,308477.0,7184.0,6437.0,4711.0,65657.0,,1082.0,31223.0,2.3288608226869423,2.086703384693186,10.121662230895659,285098.8909426987
48,GAME STORES IBERIA SL,B81209751,POZUELO DE ALARCON,Sociedad limitada,4741,Informàtica/electrònica,2022,266114.0,4834.0,3869.0,2873.0,54214.0,,1112.0,30337.0,1.8165147267712334,1.453888183259806,11.400001503115206,239311.1510791367
48,GAME STORES IBERIA SL,B81209751,POZUELO DE ALARCON,Sociedad limitada,4741,Informàtica/electrònica,2021,237686.0,3723.0,2301.0,999.0,54644.0,11.0,1142.0,26630.0,1.5663522462408388,0.9680839426806795,11.203857189737722,208131.34851138355
48,GAME STORES IBERIA SL,B81209751,POZUELO DE ALARCON,Sociedad limitada,4741,Informàtica/electrònica,2020,32741.0,-12649.0,-13322.0,-10048.0,68602.0,7.0,1230.0,5161.0,-38.633517607892244,-40.689044317522374,15.763110473107114,26618.69918699187
49,CONFORAMA ESPAÑA SA,A79103222,EL PRAT DE LLOBREGAT,Sociedad anonima,4759,Mobles i llar,2024,277769.0,-4835.0,-10741.0,-13011.0,180544.0,,1261.0,39272.0,-1.7406550046981484,-3.866882193477314,14.138366772390007,220276.76447264076
49,CONFORAMA ESPAÑA SA,A79103222,EL PRAT DE LLOBREGAT,Sociedad anonima,4759,Mobles i llar,2023,263592.0,-20977.0,-26048.0,-28621.0,158974.0,,1550.0,37933.0,-7.95813226501563,-9.88193875383168,14.390800934777989,170059.35483870967
49,CONFORAMA ESPAÑA SA,A79103222,EL PRAT DE LLOBREGAT,Sociedad anonima,4759,Mobles i llar,2022,304444.0,-21035.0,-25841.0,-8045.0,163206.0,,1803.0,40662.0,-6.909316655936724,-8.487932099170948,13.356150884891802,168854.13200221854
49,CONFORAMA ESPAÑA SA,A79103222,EL PRAT DE LLOBREGAT,Sociedad anonima,4759,Mobles i llar,2021,285432.0,-14313.0,-18640.0,-18749.0,182434.0,,1802.0,38037.0,-5.014504330278315,-6.530452086661621,13.326116202808375,158397.33629300777
49,CONFORAMA ESPAÑA SA,A79103222,EL PRAT DE LLOBREGAT,Sociedad anonima,4759,Mobles i llar,2020,321195.0,-1324.0,-5285.0,-6445.0,160011.0,,1947.0,37205.0,-0.41221065085072933,-1.6454178925574807,11.583306091315244,164969.18335901387
50,ARENAL PERFUMERIAS SL,B27147297,LUGO,Sociedad limitada,4775,Cosmètica i perfumeria,2024,267924.0,25556.0,19462.0,14619.0,145145.0,,1221.0,28204.0,9.538525850614352,7.26400023887371,10.526865827622759,219429.97542997543
50,ARENAL PERFUMERIAS SL,B27147297,LUGO,Sociedad limitada,4775,Cosmètica i perfumeria,2023,242339.0,25427.0,19700.0,14635.0,117183.0,,1146.0,24233.0,10.492326864433707,8.129108397740357,9.999628619413302,211465.0959860384
50,ARENAL PERFUMERIAS SL,B27147297,LUGO,Sociedad limitada,4775,Cosmètica i perfumeria,2022,198797.0,19967.0,14886.0,11066.0,102439.0,,976.0,20122.0,10.043914143573595,7.4880405639924135,10.121883127008958,203685.45081967214
50,ARENAL PERFUMERIAS SL,B27147297,LUGO,Sociedad limitada,4775,Cosmètica i perfumeria,2021,160995.0,13435.0,8786.0,6433.0,80581.0,,844.0,16606.0,8.344979657753345,5.457312338892512,10.314606043665952,190752.36966824645
50,ARENAL PERFUMERIAS SL,B27147297,LUGO,Sociedad limitada,4775,Cosmètica i perfumeria,2020,122431.0,6448.0,2346.0,1564.0,75044.0,,830.0,14308.0,5.2666399849711265,1.9161813592962567,11.686582646551935,147507.22891566265
51,DISMODA -COMERCIO Y DISTRIBUCION SL,B62694179,MADRID,Sociedad limitada,4771,Moda i tèxtil,2024,252626.0,10596.0,6860.0,4295.0,65118.0,5964.0,1797.0,41480.0,4.194342625066303,2.715476633442322,16.41952926460459,140582.081246522
51,DISMODA -COMERCIO Y DISTRIBUCION SL,B62694179,MADRID,Sociedad limitada,4771,Moda i tèxtil,2023,218692.0,9049.0,4704.0,2539.0,72388.0,5624.0,1070.0,36577.0,4.137782817844274,2.1509703144147934,16.725348892506357,204385.04672897197
51,DISMODA -COMERCIO Y DISTRIBUCION SL,B62694179,MADRID,Sociedad limitada,4771,Moda i tèxtil,2022,178149.0,6174.0,3795.0,2296.0,72080.0,4904.0,1369.0,31666.0,3.465638313995588,2.1302392940740615,17.77500856025013,130130.75237399562
51,DISMODA -COMERCIO Y DISTRIBUCION SL,B62694179,MADRID,Sociedad limitada,4771,Moda i tèxtil,2021,131447.0,5292.0,2762.0,1394.0,59706.0,3153.0,882.0,26581.0,4.025957229910153,2.101227110546456,20.221838459607294,149032.8798185941
51,DISMODA -COMERCIO Y DISTRIBUCION SL,B62694179,MADRID,Sociedad limitada,4771,Moda i tèxtil,2020,91022.0,4794.0,1932.0,1121.0,56602.0,3603.0,1001.0,21685.0,5.26685856166641,2.1225637757904683,23.82391070290699,90931.06893106893
52,ROSA-CREMA SL,B92683259,MALAGA,Sociedad limitada,4775,Cosmètica i perfumeria,2024,249067.0,8080.0,6179.0,4558.0,38157.0,4921.0,222.0,5162.0,3.2441070073514355,2.4808585641614505,2.0725346994985285,1121923.4234234234
52,ROSA-CREMA SL,B92683259,MALAGA,Sociedad limitada,4775,Cosmètica i perfumeria,2023,207435.0,4624.0,3142.0,2441.0,34262.0,1036.0,212.0,4425.0,2.229132017258418,1.5146913490973075,2.1331983512907655,978466.9811320754
52,ROSA-CREMA SL,B92683259,MALAGA,Sociedad limitada,4775,Cosmètica i perfumeria,2022,162634.0,4560.0,3284.0,3115.0,29079.0,4801.0,183.0,3711.0,2.803841755106558,2.0192579657390213,2.281810691491324,888710.3825136612
52,ROSA-CREMA SL,B92683259,MALAGA,Sociedad limitada,4775,Cosmètica i perfumeria,2021,138062.0,2294.0,1278.0,836.0,28723.0,3186.0,178.0,3569.0,1.6615723370659556,0.9256710753139894,2.5850704755834335,775629.213483146
52,ROSA-CREMA SL,B92683259,MALAGA,Sociedad limitada,4775,Cosmètica i perfumeria,2020,107355.0,828.0,79.0,-38.0,24944.0,270.0,145.0,2343.0,0.7712728796981976,0.07358762982627731,2.182478692189465,740379.3103448276
53,GENERAL OPTICA SA,A08119687,CORNELLA DE LLOBREGAT,Sociedad anonima,4778,Altres especialitzats,2024,227898.0,23028.0,15739.0,12118.0,102581.0,,1968.0,80658.0,10.104520443356238,6.9061597732318845,35.39214911934286,115801.82926829268
53,GENERAL OPTICA SA,A08119687,CORNELLA DE LLOBREGAT,Sociedad anonima,4778,Altres especialitzats,2023,217008.0,16242.0,9626.0,7230.0,86835.0,,1988.0,75314.0,7.484516699845168,4.435781169357812,34.70563297205633,109158.953722334
53,GENERAL OPTICA SA,A08119687,CORNELLA DE LLOBREGAT,Sociedad anonima,4778,Altres especialitzats,2022,207370.0,18515.0,12140.0,8601.0,83056.0,,1876.0,71490.0,8.928485316101655,5.854270145151179,34.47461059941168,110538.37953091685
53,GENERAL OPTICA SA,A08119687,CORNELLA DE LLOBREGAT,Sociedad anonima,4778,Altres especialitzats,2021,196320.0,16870.0,11123.0,7903.0,104022.0,,1827.0,68616.0,8.593113284433578,5.665749796251019,34.951100244498775,107454.84400656815
53,GENERAL OPTICA SA,A08119687,CORNELLA DE LLOBREGAT,Sociedad anonima,4778,Altres especialitzats,2020,166792.0,15285.0,9584.0,6798.0,93293.0,,1803.0,58117.0,9.164108590340064,5.74607894863063,34.84399731401986,92508.04215196894
54,TIENDANIMAL COMERCIO ELECTRONICO DE ARTICULOS PARA MASCOTAS SL,B93087138,MALAGA,Sociedad limitada,4776,Mascotes,2024,220910.0,19588.0,11085.0,7238.0,71404.0,9.0,1009.0,20726.0,8.866959395228827,5.01788058485356,9.382101308225069,218939.54410307235
54,TIENDANIMAL COMERCIO ELECTRONICO DE ARTICULOS PARA MASCOTAS SL,B93087138,MALAGA,Sociedad limitada,4776,Mascotes,2023,217545.0,14948.0,6929.0,3652.0,63475.0,134.0,930.0,29834.0,6.871222046013468,3.1850881426831226,13.713944241421316,233919.35483870967
54,TIENDANIMAL COMERCIO ELECTRONICO DE ARTICULOS PARA MASCOTAS SL,B93087138,MALAGA,Sociedad limitada,4776,Mascotes,2022,186531.0,10953.0,3443.0,2900.0,77488.0,123.0,736.0,24177.0,5.871946218054908,1.8458057909945265,12.961384434758832,253438.85869565216
54,TIENDANIMAL COMERCIO ELECTRONICO DE ARTICULOS PARA MASCOTAS SL,B93087138,MALAGA,Sociedad limitada,4776,Mascotes,2021,156555.0,11066.0,4595.0,2286.0,69383.0,1489.0,858.0,20421.0,7.0684424004343525,2.9350707419117885,13.043978154642138,182465.03496503495
54,TIENDANIMAL COMERCIO ELECTRONICO DE ARTICULOS PARA MASCOTAS SL,B93087138,MALAGA,Sociedad limitada,4776,Mascotes,2020,143293.0,13694.0,7752.0,5077.0,78230.0,2301.0,663.0,17751.0,9.556642683173637,5.409894412148534,12.387904503360247,216128.20512820513
55,KIABI ESPAÑA KSCE SA,A81225146,MADRID,Sociedad anonima,4771,Moda i tèxtil,2024,,,,,,,,,,,,
55,KIABI ESPAÑA KSCE SA,A81225146,MADRID,Sociedad anonima,4771,Moda i tèxtil,2023,205697.0,7317.0,2595.0,1916.0,70544.0,,1165.0,26672.0,3.557173901418105,1.2615643397813288,12.966645113929712,176563.9484978541
55,KIABI ESPAÑA KSCE SA,A81225146,MADRID,Sociedad anonima,4771,Moda i tèxtil,2022,202780.0,10297.0,6140.0,5069.0,65819.0,,1380.0,24205.0,5.077916954334747,3.027912022881941,11.936581516914883,146942.02898550723
55,KIABI ESPAÑA KSCE SA,A81225146,MADRID,Sociedad anonima,4771,Moda i tèxtil,2021,193457.0,10511.0,6393.0,4838.0,63481.0,,1202.0,22870.0,5.433248732276423,3.304610326842657,11.821748502251147,160945.9234608985
55,KIABI ESPAÑA KSCE SA,A81225146,MADRID,Sociedad anonima,4771,Moda i tèxtil,2020,160243.0,5222.0,1034.0,738.0,58368.0,,965.0,18957.0,3.258800696442278,0.6452699961932815,11.830157947617057,166054.92227979275
56,KAVE HOME SL,B55159271,SILS,Sociedad limitada,4759,Mobles i llar,2024,181030.0,6827.0,5165.0,2976.0,50361.0,821.0,284.0,14849.0,3.7711981439540407,2.853118267690438,8.202507871623489,637429.5774647887
56,KAVE HOME SL,B55159271,SILS,Sociedad limitada,4759,Mobles i llar,2023,125570.0,7162.0,6277.0,4430.0,35045.0,1143.0,237.0,8503.0,5.703591622202755,4.998805447160946,6.771521860316955,529831.223628692
56,KAVE HOME SL,B55159271,SILS,Sociedad limitada,4759,Mobles i llar,2022,87523.0,7443.0,6863.0,5396.0,20995.0,880.0,162.0,5531.0,8.504050363904344,7.841367411994561,6.319481736229333,540265.4320987654
56,KAVE HOME SL,B55159271,SILS,Sociedad limitada,4759,Mobles i llar,2021,57033.0,6096.0,5746.0,4425.0,17623.0,380.0,97.0,3367.0,10.688548734942929,10.074868935528555,5.90359967036628,587969.0721649484
56,KAVE HOME SL,B55159271,SILS,Sociedad limitada,4759,Mobles i llar,2020,31954.0,3752.0,3550.0,2752.0,8538.0,526.0,64.0,2161.0,11.741878950992051,11.109720222820304,6.762846591975966,499281.25
57,LA SIRENA ALIMENTACION CONGELADA SAU,A63935555,VILADECAVALLS,Sociedad anonima,4711,Alimentació,2024,180042.0,7271.0,-238.0,3960.0,81754.0,15059.0,1129.0,32358.0,4.0385021272814114,-0.13219137756745647,17.97247308961242,159470.32772364924
57,LA SIRENA ALIMENTACION CONGELADA SAU,A63935555,VILADECAVALLS,Sociedad anonima,4711,Alimentació,2023,180083.0,6409.0,-756.0,-613.0,75680.0,12455.0,1105.0,31794.0,3.558914500535864,-0.4198064225940261,17.655192327982096,162971.0407239819
57,LA SIRENA ALIMENTACION CONGELADA SAU,A63935555,VILADECAVALLS,Sociedad anonima,4711,Alimentació,2022,176676.0,3286.0,-3791.0,-4936.0,79579.0,15668.0,1386.0,31771.0,1.8599017410400958,-2.1457356969820465,17.982634879666733,127471.86147186147
57,LA SIRENA ALIMENTACION CONGELADA SAU,A63935555,VILADECAVALLS,Sociedad anonima,4711,Alimentació,2021,122990.0,7543.0,1370.0,-1884.0,87473.0,25394.0,1435.0,21909.0,6.133018944629645,1.1139117001382226,17.813643385641107,85707.31707317074
57,LA SIRENA ALIMENTACION CONGELADA SAU,A63935555,VILADECAVALLS,Sociedad anonima,4711,Alimentació,2020,163528.0,7157.0,-2138.0,-5479.0,71313.0,795.0,1057.0,31830.0,4.376620517587202,-1.3074213590333152,19.46455652854557,154709.55534531694
58,"MEDIA MARKT CANARIAS, SOCIEDAD ANONIMA.",A62581988,LAS PALMAS DE GRAN CANARIA,Sociedad anonima,4754,Electrodomèstics,2024,165196.0,5683.0,4342.0,4416.0,52877.0,,414.0,10784.0,3.4401559359790794,2.628392939296351,6.528003099348653,399024.154589372
58,"MEDIA MARKT CANARIAS, SOCIEDAD ANONIMA.",A62581988,LAS PALMAS DE GRAN CANARIA,Sociedad anonima,4754,Electrodomèstics,2023,147182.0,7367.0,6145.0,5265.0,46445.0,,368.0,9133.0,5.0053675041784995,4.1751029337826635,6.2052424888913045,399951.0869565217
58,"MEDIA MARKT CANARIAS, SOCIEDAD ANONIMA.",A62581988,LAS PALMAS DE GRAN CANARIA,Sociedad anonima,4754,Electrodomèstics,2022,26571.0,1709.0,1401.0,1107.0,8208.0,,64.0,1992.0,6.43182416920703,5.272665688156261,7.4968951112114715,415171.875
58,"MEDIA MARKT CANARIAS, SOCIEDAD ANONIMA.",A62581988,LAS PALMAS DE GRAN CANARIA,Sociedad anonima,4754,Electrodomèstics,2021,28220.0,1940.0,1620.0,1250.0,8245.0,,66.0,2269.0,6.874557051736358,5.740609496810772,8.040396881644224,427575.75757575757
58,"MEDIA MARKT CANARIAS, SOCIEDAD ANONIMA.",A62581988,LAS PALMAS DE GRAN CANARIA,Sociedad anonima,4754,Electrodomèstics,2020,23651.0,1805.0,1479.0,1125.0,8935.0,,72.0,1859.0,7.631812608346371,6.253435372711513,7.860132763942327,328486.1111111111
59,OPTICA DEL PENEDES SLU,B58442500,L'HOSPITALET DE LLOBREGAT,Sociedad limitada,4774,Òptica,2024,155835.0,27004.0,22618.0,16985.0,59621.0,18.0,1385.0,52519.0,17.328584721019027,14.51406936824205,33.70167163987551,112516.24548736462
59,OPTICA DEL PENEDES SLU,B58442500,L'HOSPITALET DE LLOBREGAT,Sociedad limitada,4774,Òptica,2023,141148.0,23434.0,19642.0,14757.0,50969.0,14.0,1319.0,49364.0,16.602431490350554,13.915889704423726,34.973219599285855,107011.37225170583
59,OPTICA DEL PENEDES SLU,B58442500,L'HOSPITALET DE LLOBREGAT,Sociedad limitada,4774,Òptica,2022,124113.0,23613.0,20391.0,15199.0,47312.0,16.0,1210.0,40145.0,19.02540426869063,16.429382901065964,32.345523837148406,102572.72727272728
59,OPTICA DEL PENEDES SLU,B58442500,L'HOSPITALET DE LLOBREGAT,Sociedad limitada,4774,Òptica,2021,112369.0,24338.0,21467.0,15983.0,45309.0,10.0,1069.0,34143.0,21.658998478227982,19.104023351636126,30.384714645498313,105115.99625818522
59,OPTICA DEL PENEDES SLU,B58442500,L'HOSPITALET DE LLOBREGAT,Sociedad limitada,4774,Òptica,2020,93615.0,18301.0,15547.0,11783.0,62928.0,9.0,1000.0,29616.0,19.549217539924157,16.60738129573252,31.635955776317896,93615.0
60,ACTION RETAIL SPAIN SL.,B66239997,MADRID,Sociedad limitada,4719,No especialitzat,2024,155331.0,8549.0,6268.0,4276.0,61441.0,,1974.0,19821.0,5.503730742736479,4.035253748446865,12.760492110396507,78688.44984802432
60,ACTION RETAIL SPAIN SL.,B66239997,MADRID,Sociedad limitada,4719,No especialitzat,2023,54919.0,2857.0,1988.0,1076.0,32587.0,,887.0,9042.0,5.202206886505581,3.6198765454578563,16.46424734609152,61915.44532130778
60,ACTION RETAIL SPAIN SL.,B66239997,MADRID,Sociedad limitada,4719,No especialitzat,2022,13730.0,424.0,214.0,160.0,6906.0,,264.0,2830.0,3.0881281864530226,1.5586307356154407,20.611798980335035,52007.57575757576
60,ACTION RETAIL SPAIN SL.,B66239997,MADRID,Sociedad limitada,4719,No especialitzat,2021,,241.0,241.0,181.0,3165.0,,14.0,515.0,,,,
60,ACTION RETAIL SPAIN SL.,B66239997,MADRID,Sociedad limitada,4719,No especialitzat,2020,,30.0,30.0,20.0,226.0,,3.0,118.0,,,,
61,BIMBA Y LOLA SOCIEDAD LIMITADA.,B36950970,VIGO,Sociedad limitada,4771,Moda i tèxtil,2024,147006.0,4956.0,-2904.0,-3830.0,162027.0,5684.0,272.0,15254.0,3.3712909677156033,-1.9754295743030896,10.376447219841367,540463.2352941176
61,BIMBA Y LOLA SOCIEDAD LIMITADA.,B36950970,VIGO,Sociedad limitada,4771,Moda i tèxtil,2023,148325.0,7113.0,-45.0,4.0,185148.0,24473.0,340.0,19540.0,4.795550311815271,-0.030338783077700996,13.173773807517275,436250.0
61,BIMBA Y LOLA SOCIEDAD LIMITADA.,B36950970,VIGO,Sociedad limitada,4771,Moda i tèxtil,2022,198898.0,25471.0,16291.0,13181.0,165670.0,2015.0,953.0,39579.0,12.806061398304658,8.190630373357198,19.899144285010408,208707.24029380904
61,BIMBA Y LOLA SOCIEDAD LIMITADA.,B36950970,VIGO,Sociedad limitada,4771,Moda i tèxtil,2021,194288.0,28950.0,20497.0,17000.0,165325.0,1752.0,916.0,39736.0,14.900559993411841,10.54980235526641,20.45211232809026,212104.80349344978
61,BIMBA Y LOLA SOCIEDAD LIMITADA.,B36950970,VIGO,Sociedad limitada,4771,Moda i tèxtil,2020,145338.0,8253.0,-96.0,-9700.0,166687.0,4725.0,729.0,31699.0,5.678487388019651,-0.06605292490608099,21.810538193727723,199366.2551440329
62,CHRISTIAN DIOR ESPAÑOLA SLU,B08784076,MADRID,Sociedad limitada,4771,Moda i tèxtil,2024,127234.0,38556.0,35270.0,27112.0,49047.0,,111.0,7852.0,30.303220837197603,27.720577832969173,6.171306411808165,1146252.2522522523
62,CHRISTIAN DIOR ESPAÑOLA SLU,B08784076,MADRID,Sociedad limitada,4771,Moda i tèxtil,2023,126770.0,43113.0,40350.0,31000.0,55028.0,,134.0,7645.0,34.0088348978465,31.829297152323104,6.030606610396782,946044.776119403
62,CHRISTIAN DIOR ESPAÑOLA SLU,B08784076,MADRID,Sociedad limitada,4771,Moda i tèxtil,2022,102569.0,35620.0,33914.0,25516.0,43768.0,,96.0,4768.0,34.727841745556645,33.064571166726786,4.648578030399048,1068427.0833333333
62,CHRISTIAN DIOR ESPAÑOLA SLU,B08784076,MADRID,Sociedad limitada,4771,Moda i tèxtil,2021,62258.0,16130.0,14032.0,10511.0,46125.0,,71.0,4203.0,25.908317003437308,22.538468951781297,6.7509396382794185,876873.2394366197
62,CHRISTIAN DIOR ESPAÑOLA SLU,B08784076,MADRID,Sociedad limitada,4771,Moda i tèxtil,2020,32997.0,4901.0,2864.0,2145.0,28372.0,,65.0,3649.0,14.852865412007151,8.679576931236173,11.05858108312877,507646.1538461539
63,FOOT LOCKER SPAIN SL,B80030315,BARCELONA,Sociedad limitada,4764,Esports,2024,126622.0,6987.0,3899.0,2611.0,52769.0,,765.0,17091.0,5.5179984520857355,3.0792437333164853,13.49765443603797,165518.954248366
63,FOOT LOCKER SPAIN SL,B80030315,BARCELONA,Sociedad limitada,4764,Esports,2023,130793.0,6550.0,3129.0,1748.0,50306.0,,753.0,17037.0,5.0079132675296085,2.3923298647481133,13.025926463954493,173695.88313413016
63,FOOT LOCKER SPAIN SL,B80030315,BARCELONA,Sociedad limitada,4764,Esports,2022,132817.0,6745.0,3301.0,2457.0,50112.0,,751.0,16143.0,5.078416166605178,2.4853746131895766,12.154317594886196,176853.52862849535
63,FOOT LOCKER SPAIN SL,B80030315,BARCELONA,Sociedad limitada,4764,Esports,2021,96447.0,4630.0,1153.0,814.0,46445.0,,681.0,14386.0,4.800564040353769,1.1954752351032172,14.91596420832167,141625.55066079294
63,FOOT LOCKER SPAIN SL,B80030315,BARCELONA,Sociedad limitada,4764,Esports,2020,,,,,,,,,,,,
64,FORUM SPORT SOCIEDAD ANONIMA,A48450456,BASAURI,Sociedad anonima,4764,Esports,2024,126192.0,3995.0,1826.0,898.0,101546.0,,708.0,18354.0,3.165810827944719,1.4470013947001394,14.54450361354127,178237.28813559323
64,FORUM SPORT SOCIEDAD ANONIMA,A48450456,BASAURI,Sociedad anonima,4764,Esports,2023,123523.0,3232.0,968.0,689.0,91712.0,,711.0,17948.0,2.616516762060507,0.7836597232903993,14.530087514066206,173731.36427566808
64,FORUM SPORT SOCIEDAD ANONIMA,A48450456,BASAURI,Sociedad anonima,4764,Esports,2022,122660.0,4364.0,1961.0,1606.0,94153.0,,747.0,17552.0,3.5578020544594815,1.5987281917495517,14.309473340942441,164203.48058902274
64,FORUM SPORT SOCIEDAD ANONIMA,A48450456,BASAURI,Sociedad anonima,4764,Esports,2021,125915.0,4621.0,2125.0,1262.0,96726.0,,747.0,17697.0,3.669936067982369,1.6876464281459713,14.05471945359965,168560.91030789827
64,FORUM SPORT SOCIEDAD ANONIMA,A48450456,BASAURI,Sociedad anonima,4764,Esports,2020,108775.0,89.0,-2437.0,-3142.0,92831.0,,793.0,14918.0,0.08182027120202252,-2.2404045047115604,13.714548379682832,137168.9785624212
65,LUXURY GOODS SPAIN SL,B82694597,BARCELONA,Sociedad limitada,4771,Moda i tèxtil,2024,124644.0,8443.0,6218.0,7056.0,108198.0,,172.0,10587.0,6.7736914733160045,4.988607554314688,8.493790314816598,724674.4186046511
65,LUXURY GOODS SPAIN SL,B82694597,BARCELONA,Sociedad limitada,4771,Moda i tèxtil,2023,127737.0,9381.0,7112.0,7438.0,118239.0,,178.0,10082.0,7.343995866506964,5.5676898627649,7.892779695781176,717623.595505618
65,LUXURY GOODS SPAIN SL,B82694597,BARCELONA,Sociedad limitada,4771,Moda i tèxtil,2022,118575.0,8311.0,6342.0,5144.0,123651.0,,162.0,9299.0,7.0090659919881935,5.348513598987982,7.842293906810036,731944.4444444445
65,LUXURY GOODS SPAIN SL,B82694597,BARCELONA,Sociedad limitada,4771,Moda i tèxtil,2021,73823.0,3585.0,1858.0,1422.0,99490.0,,140.0,7285.0,4.85621012421603,2.5168307979897864,9.868198257995475,527307.1428571428
65,LUXURY GOODS SPAIN SL,B82694597,BARCELONA,Sociedad limitada,4771,Moda i tèxtil,2020,60890.0,3606.0,1971.0,1519.0,80932.0,,115.0,6774.0,5.922154705206109,3.2369847265560843,11.124979471177534,529478.2608695652
66,MERKAL CALZADOS SL,B63266969,BARCELONA,Sociedad limitada,4772,Calçat,2024,121439.0,-2454.0,-5351.0,-12129.0,43656.0,12888.0,856.0,27075.0,-2.020767628191932,-4.40632745658314,22.295144064098025,141867.9906542056
66,MERKAL CALZADOS SL,B63266969,BARCELONA,Sociedad limitada,4772,Calçat,2023,121312.0,1140.0,-1835.0,-5242.0,57298.0,11610.0,875.0,25874.0,0.9397256660511739,-1.5126285940385122,21.328475336322867,138642.2857142857
66,MERKAL CALZADOS SL,B63266969,BARCELONA,Sociedad limitada,4772,Calçat,2022,117160.0,3728.0,579.0,-89.0,56837.0,3444.0,855.0,24446.0,3.181973369750768,0.4941959713212701,20.86548310003414,137029.23976608188
66,MERKAL CALZADOS SL,B63266969,BARCELONA,Sociedad limitada,4772,Calçat,2021,99318.0,-2848.0,-6173.0,-4874.0,50311.0,861.0,765.0,21945.0,-2.8675567369459714,-6.215388952657121,22.09569262369359,129827.45098039215
66,MERKAL CALZADOS SL,B63266969,BARCELONA,Sociedad limitada,4772,Calçat,2020,94033.0,-6191.0,-9694.0,-7854.0,44076.0,1299.0,713.0,20770.0,-6.583858858060468,-10.309146788893262,22.087990386353727,131883.5904628331
67,ADOLFO DOMINGUEZ SA,A32104226,SAN CIBRAO DAS VIÑAS,Sociedad anonima,4771,Moda i tèxtil,2024,121387.0,4068.0,1532.0,-66.0,58214.0,9942.0,791.0,31108.0,3.3512649624753887,1.2620791353275063,25.62712646329508,153460.17699115045
67,ADOLFO DOMINGUEZ SA,A32104226,SAN CIBRAO DAS VIÑAS,Sociedad anonima,4771,Moda i tèxtil,2023,111816.0,2799.0,493.0,-469.0,63604.0,,770.0,29053.0,2.503219575016098,0.44090291192673675,25.98286470630321,145215.58441558442
67,ADOLFO DOMINGUEZ SA,A32104226,SAN CIBRAO DAS VIÑAS,Sociedad anonima,4771,Moda i tèxtil,2022,97940.0,1271.0,-357.0,-515.0,62932.0,9442.0,957.0,27791.0,1.297733306105779,-0.36450888298958545,28.375536042474987,102340.64785788924
67,ADOLFO DOMINGUEZ SA,A32104226,SAN CIBRAO DAS VIÑAS,Sociedad anonima,4771,Moda i tèxtil,2021,77850.0,-4910.0,-5968.0,-6683.0,56865.0,4380.0,780.0,29863.0,-6.307000642260757,-7.666024405908798,38.35966602440591,99807.69230769231
67,ADOLFO DOMINGUEZ SA,A32104226,SAN CIBRAO DAS VIÑAS,Sociedad anonima,4771,Moda i tèxtil,2020,55046.0,-13632.0,-14707.0,-15829.0,61122.0,3241.0,441.0,20278.0,-24.764742215601494,-26.71765432547324,36.83828071067834,124820.86167800454
68,MAISONS DU MONDE ESPAÑA SL.,B83645069,ALCORCON,Sociedad limitada,4759,Mobles i llar,2024,117204.0,6662.0,3283.0,2157.0,28292.0,,654.0,14821.0,5.684106344493363,2.801098938602778,12.645472850755946,179211.00917431194
68,MAISONS DU MONDE ESPAÑA SL.,B83645069,ALCORCON,Sociedad limitada,4759,Mobles i llar,2023,123436.0,4917.0,1082.0,260.0,34279.0,,590.0,14250.0,3.9834408114326454,0.8765676139861952,11.54444408438381,209213.5593220339
68,MAISONS DU MONDE ESPAÑA SL.,B83645069,ALCORCON,Sociedad limitada,4759,Mobles i llar,2022,140731.0,6650.0,2719.0,1861.0,48745.0,,438.0,12442.0,4.7253270423716165,1.932054771159162,8.84098030995303,321303.65296803653
68,MAISONS DU MONDE ESPAÑA SL.,B83645069,ALCORCON,Sociedad limitada,4759,Mobles i llar,2021,145134.0,9094.0,5214.0,3712.0,44155.0,,374.0,12672.0,6.265933551063155,3.5925420645748067,8.731241473396999,388058.82352941175
68,MAISONS DU MONDE ESPAÑA SL.,B83645069,ALCORCON,Sociedad limitada,4759,Mobles i llar,2020,114198.0,7448.0,3477.0,2446.0,39297.0,,374.0,9753.0,6.522005639328185,3.0447118163190248,8.540429779856039,305342.2459893048
69,KIKO RETAIL ESPAÑA SL,B64774102,MADRID,Sociedad limitada,4775,Cosmètica i perfumeria,2024,106216.0,5932.0,2725.0,2281.0,50431.0,380.0,1160.0,22474.0,5.584845974241169,2.565526850945244,21.15877080665813,91565.5172413793
69,KIKO RETAIL ESPAÑA SL,B64774102,MADRID,Sociedad limitada,4775,Cosmètica i perfumeria,2023,95903.0,4771.0,2396.0,1842.0,49475.0,394.0,1164.0,21058.0,4.974818305996684,2.4983577156084795,21.957602994692554,82390.89347079038
69,KIKO RETAIL ESPAÑA SL,B64774102,MADRID,Sociedad limitada,4775,Cosmètica i perfumeria,2022,83237.0,4444.0,2052.0,1493.0,37539.0,2653.0,1146.0,19618.0,5.338971851460288,2.4652498288020954,23.568845585496835,72632.6352530541
69,KIKO RETAIL ESPAÑA SL,B64774102,MADRID,Sociedad limitada,4775,Cosmètica i perfumeria,2021,57150.0,2220.0,-346.0,-332.0,41765.0,9121.0,1070.0,16145.0,3.884514435695538,-0.605424321959755,28.25021872265967,53411.214953271025
69,KIKO RETAIL ESPAÑA SL,B64774102,MADRID,Sociedad limitada,4775,Cosmètica i perfumeria,2020,45692.0,1351.0,-1888.0,-1495.0,41127.0,5328.0,955.0,13324.0,2.9567539175347983,-4.132014356999037,29.160465727041935,47845.02617801047
70,BIMBA Y LOLA ESPAÑA SLU,B44939957,VIGO,Sociedad limitada,4771,Moda i tèxtil,2024,102554.0,5570.0,1794.0,1436.0,24657.0,,601.0,,5.431284981570685,1.7493223082473623,,170638.9351081531
70,BIMBA Y LOLA ESPAÑA SLU,B44939957,VIGO,Sociedad limitada,4771,Moda i tèxtil,2023,101730.0,5066.0,1021.0,823.0,27040.0,3.0,590.0,,4.979848618893149,1.0036370785412367,,172423.7288135593
70,BIMBA Y LOLA ESPAÑA SLU,B44939957,VIGO,Sociedad limitada,4771,Moda i tèxtil,2022,,,,,,,,,,,,
70,BIMBA Y LOLA ESPAÑA SLU,B44939957,VIGO,Sociedad limitada,4771,Moda i tèxtil,2021,,,,,,,,,,,,
70,BIMBA Y LOLA ESPAÑA SLU,B44939957,VIGO,Sociedad limitada,4771,Moda i tèxtil,2020,,,,,,,,,,,,
