periode,any,trimestre,data,operacions_milers,import_milions,tiquet_mitja_eur,var_operacions,var_import,var_tiquet
2005T1,2005,1,2005-03-31,311785.5917681026,15778.322208057383,50.60632250060117,,,
2005T2,2005,2,2005-06-30,338414.72276984714,17227.437605759354,50.90628878305505,,,
2005T3,2005,3,2005-09-30,354320.0216117768,18675.319792661758,52.70749224869949,,,
2005T4,2005,4,2005-12-31,367534.6689733751,19787.351564104392,53.83805456877274,,,
2006T1,2006,1,2006-03-31,342010.8854743238,17591.67001937928,51.43599448591223,9.69425608631138,11.492652941235338,1.6394631032539575
2006T2,2006,2,2006-06-30,387499.59457456064,19139.814580762613,49.393121563846776,14.504354716888512,11.100762741197956,-2.9724563612501087
2006T3,2006,3,2006-09-30,413001.4539450817,20668.104431359425,50.04366021943287,16.56170375762769,10.670685486631971,-5.053991217600274
2006T4,2006,4,2006-12-31,428533.7727169706,21715.44493343677,50.6738238990068,16.596829875663886,9.74406990792074,-5.877312423545977
2007T1,2007,1,2007-03-31,410075.47834,19774.45861567006,48.22150960042226,19.901294302746987,12.40808060795926,-6.2494852439771265
2007T2,2007,2,2007-06-30,445240.05199999997,21825.710539939995,49.02009700587313,14.900778796641866,14.033030193913,-0.7552155971585317
2007T3,2007,3,2007-09-30,478498.91799999995,23217.821221909995,48.52220213779041,15.858894303947825,12.33648106926497,-3.0402613936932887
2007T4,2007,4,2007-12-31,496185.15599999996,24577.903125839995,49.533733181328785,15.786709844152803,13.181669549840546,-2.249861230031147
2008T1,2008,1,2008-03-31,472701.2,22135.522869340002,46.827727260561225,15.271754827553007,11.9399691266336,-2.890374754772984
2008T2,2008,2,2008-06-30,491843.64800000004,23684.677978810007,48.15489246454597,10.467071816800534,8.517328384192545,-1.7649996515174182
2008T3,2008,3,2008-09-30,511820.904,24750.37149844,48.35748462989702,6.963858171148485,6.600749751160029,-0.33946832714977226
2008T4,2008,4,2008-12-31,508801.76710806414,23843.34281680725,46.86175315846176,2.5427224001969506,-2.9887021088485954,-5.394263366109864
2009T1,2009,1,2009-03-31,472258.3829999999,20823.08401965,44.09256620787185,-0.09367799362474116,-5.929107062150618,-5.840900707117935
2009T2,2009,2,2009-06-30,499938.254,22102.063223560002,44.20958597731151,1.645768128330083,-6.682019306599496,-8.192950467367755
2009T3,2009,3,2009-09-30,524120.28099999996,23915.776417760004,45.63032052896271,2.4030626541193367,-3.372050721471387,-5.639590482852041
2009T4,2009,4,2009-12-31,534585.2729999999,24234.57992744,45.33342228348293,5.067495350592921,1.6408651825320808,-3.261360858205231
2010T1,2010,1,2010-03-31,502273.97400000005,22142.73256861,44.08496899066882,6.355756103116139,6.337430842207126,-0.017230154323999436
2010T2,2010,2,2010-06-30,531651.958,23157.72559511,43.55805569159589,6.343524174487358,4.776306903441951,-1.4737308013922368
2010T3,2010,3,2010-09-30,552666.07,24667.24862771,44.633188043749456,5.446419464161134,3.142161043920555,-2.185241027575846
2010T4,2010,4,2010-12-31,562591.631,25216.38043296,44.82181931526102,5.238894413015394,4.051237976724065,-1.1285337449767563
2011T1,2011,1,2011-03-31,524350.8699999999,22606.844773800003,43.11396446009522,4.3953891984855,2.096002396054475,-2.202575056317102
2011T2,2011,2,2011-06-30,557012.9,24438.906507919997,43.87493809913558,4.770215103769071,5.53241253139527,0.7274943807944911
2011T3,2011,3,2011-09-30,571593.504,25636.709170459995,44.85129552917382,3.4247505007861223,3.9301527194279373,0.48866660658559713
2011T4,2011,4,2011-12-31,579673.53,25585.325268409986,44.13747384395831,3.0362874345708057,1.463115756961475,-1.526813239081748
2012T1,2012,1,2012-03-31,550874.773,23218.733334540004,42.148841211394526,5.0584264311414495,2.706651754645306,-2.23853978817925
2012T2,2012,2,2012-06-30,558742.5299999999,24116.62189979,43.16231646048137,0.31051884076649383,-1.318735795423387,-1.6242111545412108
2012T3,2012,3,2012-09-30,573463.808,25419.077615820024,44.32551324288633,0.32720875708203145,-0.8489059699235413,-1.1722789276967238
2012T4,2012,4,2012-12-31,568016.6410000001,24630.858716910003,43.36291745528279,-2.0109403650016566,-3.730523421089571,-1.754872495453308
2013T1,2013,1,2013-03-31,537766.098,22495.399578110002,41.83119698651959,-2.379610692392342,-3.115302398318065,-0.7536250481521178
2013T2,2013,2,2013-06-30,567202.895,24027.75121412,42.36182753284431,1.5141795273755365,-0.3685038727201495,-1.8546014053021809
2013T3,2013,3,2013-09-30,594024.833,25837.98725497,43.49647661105441,3.5854093515871988,1.648012746494243,-1.8703373546722912
2013T4,2013,4,2013-12-31,606663.0530000001,26173.445304160003,43.1432986972424,6.803746441646941,6.262820979891193,-0.5064667483844154
2014T1,2014,1,2014-03-31,577611.646,23906.984678960005,41.389374408423905,7.409457038699374,6.274994564771363,-1.0562035273293024
2014T2,2014,2,2014-06-30,618146.6610000001,26217.907180130005,42.413732588502974,8.981577218501346,9.115110051260022,0.12252789523403695
2014T3,2014,3,2014-09-30,645467.8729999999,27734.148575199997,42.96751199451255,8.660082397599012,7.338657231767409,-1.216109114473496
2014T4,2014,4,2014-12-31,661385.077,27995.217652929994,42.32816648950486,9.020167575624537,6.960384189392288,-1.8893599524174576
2015T1,2015,1,2015-03-31,610864.03,25203.686513890018,41.25907775890818,5.756875615350743,5.423945563788357,-0.31480700391839367
2015T2,2015,2,2015-06-30,669730.285,27844.088459830004,41.5750774355829,8.344884354232551,6.202559451169498,-1.977319848400727
2015T3,2015,3,2015-09-30,694062.446,29429.510965199992,42.40182008810198,7.528581209494223,6.112905847472083,-1.3165572781659196
2015T4,2015,4,2015-12-31,709200.588,29852.974653800004,42.09383799016253,7.229602339515728,6.6359798444916684,-0.5535994558149238
2016T1,2016,1,2016-03-31,688175.793,27816.73952316,40.420979357464844,12.656132822225574,10.367741273999332,-2.0313066771405985
2016T2,2016,2,2016-06-30,751745.5730000001,30648.75006471,40.770110480863444,12.246017514349084,10.072736297064333,-1.9361766817312165
2016T3,2016,3,2016-09-30,789936.9069999999,32713.87225832,41.41327233659688,13.813520894631415,11.160094698833834,-2.331380467751387
2016T4,2016,4,2016-12-31,815730.617,33227.15115521,40.73299501422294,15.021142227253769,11.30264752688721,-3.232879302328351
2017T1,2017,1,2017-03-31,777427.005,30327.45905048,39.01004062816161,12.969246071693785,9.0259303223859,-3.4906099548591585
2017T2,2017,2,2017-06-30,848539.3319999999,33511.321417189996,39.49295000645886,12.87586684597608,9.33992853358172,-3.1325901729014283
2017T3,2017,3,2017-09-30,885358.775,35411.3593895,39.99662101897618,12.07968220682214,8.24569806313271,-3.42076642991771
2017T4,2017,4,2017-12-31,918059.643,35996.33011334999,39.209141135670194,12.544463069969591,8.334084812762498,-3.7410798739956452
2018T1,2018,1,2018-03-31,881181.057,32982.672517310006,37.43007439311079,13.345825567250525,8.755146490876164,-4.0501527545455325
2018T2,2018,2,2018-06-30,958175.495,36267.94496529999,37.85104623793367,12.920575259792443,8.225947027848179,-4.157460428397131
2018T3,2018,3,2018-09-30,1011797.217,38785.65524896995,38.33342748655728,14.281040135395951,9.528851525735217,-4.158335104432465
2018T4,2018,4,2018-12-31,1052503.23,39394.81907915995,37.429641977592745,14.644319464982726,9.441209576388342,-4.5384803301864896
2019T1,2019,1,2019-03-31,1015736.6379999999,36041.09968417001,35.48272094933531,15.269913025377235,9.27283004509376,-5.202643797400263
2019T2,2019,2,2019-06-30,1113909.44,39971.28945078995,35.883787330853345,16.253175520837114,10.211067897652315,-5.197369960962339
2019T3,2019,3,2019-09-30,1181920.857,42528.84009556004,35.98281546829496,16.814005528145294,9.650951679331232,-6.132016290707709
2019T4,2019,4,2019-12-31,1224639.697,42802.11358480002,34.950780780381656,16.354958549628385,8.649092914460276,-6.622722169490847
2020T1,2020,1,2020-03-31,1093818.366,36855.85238974994,33.69467320660251,7.687202083577893,2.2606211040163915,-5.039206957341014
2020T2,2020,2,2020-06-30,932799.439,33124.62087764993,35.51097855843579,-16.258951984462932,-17.128965983369604,-1.0389337362308182
2020T3,2020,3,2020-09-30,1370907.629,46210.61117970993,33.70804144799892,15.989799222233358,8.657116149599076,-6.32183443872083
2020T4,2020,4,2020-12-31,1338468.857,44360.55787070998,33.142764315143104,9.294910191042094,3.64104516199264,-5.173035980510676
2021T1,2021,1,2021-03-31,1259908.6630000002,39207.540207199934,31.119351234431452,15.18444946279136,6.380771749845704,-7.64311307125668
2021T2,2021,2,2021-06-30,1495594.66,46780.09105814997,31.27858925235128,60.334000801216156,41.22453274541098,-11.918537528105045
2021T3,2021,3,2021-09-30,1645033.826,53923.83879699992,32.77977506889267,19.995964075271754,16.691464190537907,-2.7538425231210306
2021T4,2021,4,2021-12-31,1700803.419,55335.22268826999,32.53475508698398,27.07082500314013,24.73969071702382,-1.8345157403823587
2022T1,2022,1,2022-03-31,1611091.1870000002,50214.80290461,31.168194146797227,27.87364944088808,28.074351615123085,0.15695350458249102
2022T2,2022,2,2022-06-30,1847937.585,58497.341794160006,31.655474875878994,23.558717774507176,25.047515879019812,1.2049316562427137
2022T3,2022,3,2022-09-30,1937229.8620000004,62199.090111039994,32.10723277145104,17.762311715528245,15.346183614992338,-2.051698939447144
2022T4,2022,4,2022-12-31,1994470.8559999997,62670.521879439984,31.422129679612624,17.266395029512793,13.256112173783553,-3.4198056951609823
2023T1,2023,1,2023-03-31,1900252.3650000002,57402.82845578001,30.208002638523226,17.948157145496204,14.314554942742008,-3.080677384617314
2023T2,2023,2,2023-06-30,2096202.98,63419.21646376001,30.254329885438867,13.434728370438975,8.41384329380137,-4.4262327320440225
2023T3,2023,3,2023-09-30,2182520.412,67289.79564348998,30.83123313464341,12.661922821423023,8.184533766268732,-3.974181287719747
2023T4,2023,4,2023-12-31,2227736.412,67346.15072523899,30.23075367555602,11.695611159133446,7.460650885903841,-3.791518958785267
2024T1,2024,1,2024-03-31,2132183.006,61946.193991695225,29.052944244174896,12.205254695209899,7.914880952974612,-3.8236834396833785
2024T2,2024,2,2024-06-30,2311866.6909999996,67474.33579915174,29.186084155209517,10.28830285319029,6.39414922085797,-3.530885444412002
2024T3,2024,3,2024-09-30,2383717.2879999997,71325.6130712179,29.922010227589503,9.218556440240967,5.997666346187458,-2.949031921893064
2024T4,2024,4,2024-12-31,2380885.9960000003,70782.83603190849,29.72962004515418,6.87467256786034,5.103016682706341,-1.6576947957703259
2025T1,2025,1,2025-03-31,2244269.285,64619.39825380167,28.793068053685758,5.256878921020736,4.315364818805212,-0.8944917537617281
2025T2,2025,2,2025-06-30,2462675.978,71847.3283071485,29.174495121967887,6.523269165436507,6.480971551930037,-0.03970739335911189
2025T3,2025,3,2025-09-30,2503949.296,74315.3314386114,29.6792477217204,5.043887066862629,4.191647626510142,-0.8113175018076291
2025T4,2025,4,2025-12-31,2541685.0020000003,75840.64411408144,29.838726692884432,6.753746557800322,7.14552900916956,0.3669964418130389
2026T1,2026,1,2026-03-31,2405696.0149999997,69189.57328750935,28.760729891099466,7.19284138846108,7.072450621959803,-0.11231231949994092
2026T2,2026,2,2026-06-30,2648679.6790000005,75956.59232058893,28.677152969009096,7.552910032080562,5.719438857730719,-1.704715543078239
